[
{
    "pk": 1, 
    "model": "contenttypes.contenttype", 
    "fields": {
        "model": "logentry", 
        "name": "log entry", 
        "app_label": "admin"
    }
},
{
    "pk": 2, 
    "model": "contenttypes.contenttype", 
    "fields": {
        "model": "permission", 
        "name": "permission", 
        "app_label": "auth"
    }
},
{
    "pk": 3, 
    "model": "contenttypes.contenttype", 
    "fields": {
        "model": "group", 
        "name": "group", 
        "app_label": "auth"
    }
},
{
    "pk": 4, 
    "model": "contenttypes.contenttype", 
    "fields": {
        "model": "user", 
        "name": "user", 
        "app_label": "auth"
    }
},
{
    "pk": 5, 
    "model": "contenttypes.contenttype", 
    "fields": {
        "model": "contenttype", 
        "name": "content type", 
        "app_label": "contenttypes"
    }
},
{
    "pk": 6, 
    "model": "contenttypes.contenttype", 
    "fields": {
        "model": "session", 
        "name": "session", 
        "app_label": "sessions"
    }
},
{
    "pk": 7, 
    "model": "contenttypes.contenttype", 
    "fields": {
        "model": "sentmessage", 
        "name": "sent message", 
        "app_label": "messages"
    }
},
{
    "pk": 8, 
    "model": "contenttypes.contenttype", 
    "fields": {
        "model": "email", 
        "name": "email", 
        "app_label": "messages"
    }
},
{
    "pk": 9, 
    "model": "contenttypes.contenttype", 
    "fields": {
        "model": "userprofile", 
        "name": "user profile", 
        "app_label": "accounts"
    }
},
{
    "pk": 10, 
    "model": "contenttypes.contenttype", 
    "fields": {
        "model": "teachingavailability", 
        "name": "teaching availability", 
        "app_label": "accounts"
    }
},
{
    "pk": 11, 
    "model": "contenttypes.contenttype", 
    "fields": {
        "model": "teacheruser", 
        "name": "teacher user", 
        "app_label": "accounts"
    }
},
{
    "pk": 12, 
    "model": "contenttypes.contenttype", 
    "fields": {
        "model": "parent", 
        "name": "parent", 
        "app_label": "school_components"
    }
},
{
    "pk": 13, 
    "model": "contenttypes.contenttype", 
    "fields": {
        "model": "payment", 
        "name": "payment", 
        "app_label": "school_components"
    }
},
{
    "pk": 14, 
    "model": "contenttypes.contenttype", 
    "fields": {
        "model": "school", 
        "name": "school", 
        "app_label": "school_components"
    }
},
{
    "pk": 15, 
    "model": "contenttypes.contenttype", 
    "fields": {
        "model": "period", 
        "name": "period", 
        "app_label": "school_components"
    }
},
{
    "pk": 16, 
    "model": "contenttypes.contenttype", 
    "fields": {
        "model": "student", 
        "name": "student", 
        "app_label": "school_components"
    }
},
{
    "pk": 17, 
    "model": "contenttypes.contenttype", 
    "fields": {
        "model": "course", 
        "name": "course", 
        "app_label": "school_components"
    }
},
{
    "pk": 18, 
    "model": "contenttypes.contenttype", 
    "fields": {
        "model": "prerequisite", 
        "name": "prerequisite", 
        "app_label": "school_components"
    }
},
{
    "pk": 19, 
    "model": "contenttypes.contenttype", 
    "fields": {
        "model": "department", 
        "name": "department", 
        "app_label": "school_components"
    }
},
{
    "pk": 20, 
    "model": "contenttypes.contenttype", 
    "fields": {
        "model": "class", 
        "name": "class", 
        "app_label": "school_components"
    }
},
{
    "pk": 21, 
    "model": "contenttypes.contenttype", 
    "fields": {
        "model": "classschedule", 
        "name": "class schedule", 
        "app_label": "school_components"
    }
},
{
    "pk": 22, 
    "model": "contenttypes.contenttype", 
    "fields": {
        "model": "classteacher", 
        "name": "class teacher", 
        "app_label": "school_components"
    }
},
{
    "pk": 23, 
    "model": "contenttypes.contenttype", 
    "fields": {
        "model": "classregistration", 
        "name": "class registration", 
        "app_label": "school_components"
    }
},
{
    "pk": 24, 
    "model": "contenttypes.contenttype", 
    "fields": {
        "model": "classattendance", 
        "name": "class attendance", 
        "app_label": "school_components"
    }
},
{
    "pk": 25, 
    "model": "contenttypes.contenttype", 
    "fields": {
        "model": "assignment", 
        "name": "assignment", 
        "app_label": "school_components"
    }
},
{
    "pk": 26, 
    "model": "contenttypes.contenttype", 
    "fields": {
        "model": "grading", 
        "name": "grading", 
        "app_label": "school_components"
    }
},
{
    "pk": 27, 
    "model": "contenttypes.contenttype", 
    "fields": {
        "model": "notificationtype", 
        "name": "notification type", 
        "app_label": "dashboard"
    }
},
{
    "pk": 28, 
    "model": "contenttypes.contenttype", 
    "fields": {
        "model": "notification", 
        "name": "notification", 
        "app_label": "dashboard"
    }
},
{
    "pk": 29, 
    "model": "contenttypes.contenttype", 
    "fields": {
        "model": "chart", 
        "name": "chart", 
        "app_label": "dashboard"
    }
},
{
    "pk": 30, 
    "model": "contenttypes.contenttype", 
    "fields": {
        "model": "reports", 
        "name": "reports", 
        "app_label": "reports"
    }
},
{
    "pk": "n3n37vyc6wvjk4rng0q0baxq9c2thjgf", 
    "model": "sessions.session", 
    "fields": {
        "expire_date": "2015-04-06T03:20:09.613Z", 
        "session_data": "Y2M1MjllMjUzYjU1NDdmN2ViNzhmYTJmODQ5ZWM5OTcyODMwMjgxODp7Il9hdXRoX3VzZXJfYmFja2VuZCI6ImRqYW5nby5jb250cmliLmF1dGguYmFja2VuZHMuTW9kZWxCYWNrZW5kIiwiX2F1dGhfdXNlcl9pZCI6Mn0="
    }
},
{
    "pk": "oi3b0ldozisil83txx0wsp8x1vdd20x0", 
    "model": "sessions.session", 
    "fields": {
        "expire_date": "2015-04-06T03:17:00.749Z", 
        "session_data": "OGNiNzZmYjdhMDE5YzliMTEzYjUyOTg1ZDA2ZTFlNWQ5YjA2MGI0NTp7Il9hdXRoX3VzZXJfYmFja2VuZCI6ImRqYW5nby5jb250cmliLmF1dGguYmFja2VuZHMuTW9kZWxCYWNrZW5kIiwiX2F1dGhfdXNlcl9pZCI6MX0="
    }
},
{
    "pk": 1, 
    "model": "accounts.teachingavailability", 
    "fields": {
        "monday_times": "", 
        "monday": true, 
        "tuesday": null, 
        "thursday_times": "", 
        "wednesday_times": "", 
        "wednesday": null, 
        "thursday": null, 
        "friday": null, 
        "friday_times": "", 
        "tuesday_times": ""
    }
},
{
    "pk": 1, 
    "model": "accounts.teacheruser", 
    "fields": {
        "teaching_availability": 1, 
        "user": 2, 
        "comments": ""
    }
},
{
    "pk": 1, 
    "model": "school_components.school", 
    "fields": {
        "phone": "604-930-2122", 
        "address": "8820 168 St, Surrey, BC V4N 6G7", 
        "comments": "Gobind Sarvar School was established in 2005 as a learning institute under the premise Today's Learner...Tomorrow's Guide.", 
        "title": "Surrey, BC"
    }
},
{
    "pk": 1, 
    "model": "school_components.period", 
    "fields": {
        "school": 1, 
        "comments": "First school year of the system", 
        "description": "Summer 2015", 
        "end_date": "2015-03-31", 
        "start_date": "2015-03-25"
    }
},
{
    "pk": 1, 
    "model": "school_components.course", 
    "fields": {
        "school": 1, 
        "description": "", 
        "age_requirement": 3, 
        "period": 1, 
        "department": 1, 
        "name": "Little Khalsa Club Level 1"
    }
},
{
    "pk": 2, 
    "model": "school_components.course", 
    "fields": {
        "school": 1, 
        "description": "", 
        "age_requirement": 0, 
        "period": 1, 
        "department": 1, 
        "name": "Little Khalsa Club Level 2"
    }
},
{
    "pk": 3, 
    "model": "school_components.course", 
    "fields": {
        "school": 1, 
        "description": "", 
        "age_requirement": 0, 
        "period": 1, 
        "department": 2, 
        "name": "Gurmhuki Beginner"
    }
},
{
    "pk": 4, 
    "model": "school_components.course", 
    "fields": {
        "school": 1, 
        "description": "", 
        "age_requirement": 0, 
        "period": 1, 
        "department": 2, 
        "name": "Gurmukhi Beginner Adults"
    }
},
{
    "pk": 5, 
    "model": "school_components.course", 
    "fields": {
        "school": 1, 
        "description": "", 
        "age_requirement": 0, 
        "period": 1, 
        "department": 2, 
        "name": "Gurmukhi Intermediate"
    }
},
{
    "pk": 6, 
    "model": "school_components.course", 
    "fields": {
        "school": 1, 
        "description": "", 
        "age_requirement": 0, 
        "period": 1, 
        "department": 6, 
        "name": "Tantee Saaj Beginner (Girls)"
    }
},
{
    "pk": 7, 
    "model": "school_components.course", 
    "fields": {
        "school": 1, 
        "description": "", 
        "age_requirement": 0, 
        "period": 1, 
        "department": 6, 
        "name": "Tantee Saaj Intermediate (Girls)"
    }
},
{
    "pk": 8, 
    "model": "school_components.course", 
    "fields": {
        "school": 1, 
        "description": "", 
        "age_requirement": 0, 
        "period": 1, 
        "department": 6, 
        "name": "Tantee Saaj Advanced (Girls)"
    }
},
{
    "pk": 9, 
    "model": "school_components.course", 
    "fields": {
        "school": 1, 
        "description": "", 
        "age_requirement": 0, 
        "period": 1, 
        "department": 3, 
        "name": "Sikh History Girls 7-10"
    }
},
{
    "pk": 10, 
    "model": "school_components.course", 
    "fields": {
        "school": 1, 
        "description": "", 
        "age_requirement": 0, 
        "period": 1, 
        "department": 3, 
        "name": "Sikh History Boys 7-10"
    }
},
{
    "pk": 11, 
    "model": "school_components.course", 
    "fields": {
        "school": 1, 
        "description": "", 
        "age_requirement": 0, 
        "period": 1, 
        "department": 3, 
        "name": "Sikh History Boys 11-15"
    }
},
{
    "pk": 12, 
    "model": "school_components.course", 
    "fields": {
        "school": 1, 
        "description": "", 
        "age_requirement": 0, 
        "period": 1, 
        "department": 3, 
        "name": "Sikh History Girls 11-13"
    }
},
{
    "pk": 1, 
    "model": "school_components.prerequisite", 
    "fields": {
        "course": 2, 
        "prereq": 1
    }
},
{
    "pk": 2, 
    "model": "school_components.prerequisite", 
    "fields": {
        "course": 5, 
        "prereq": 3
    }
},
{
    "pk": 3, 
    "model": "school_components.prerequisite", 
    "fields": {
        "course": 7, 
        "prereq": 6
    }
},
{
    "pk": 4, 
    "model": "school_components.prerequisite", 
    "fields": {
        "course": 8, 
        "prereq": 7
    }
},
{
    "pk": 5, 
    "model": "school_components.prerequisite", 
    "fields": {
        "course": 11, 
        "prereq": 10
    }
},
{
    "pk": 6, 
    "model": "school_components.prerequisite", 
    "fields": {
        "course": 12, 
        "prereq": 9
    }
},
{
    "pk": 1, 
    "model": "school_components.department", 
    "fields": {
        "school": 1, 
        "name": "Little Khalsa Club", 
        "description": ""
    }
},
{
    "pk": 2, 
    "model": "school_components.department", 
    "fields": {
        "school": 1, 
        "name": "Language", 
        "description": ""
    }
},
{
    "pk": 3, 
    "model": "school_components.department", 
    "fields": {
        "school": 1, 
        "name": "History", 
        "description": ""
    }
},
{
    "pk": 4, 
    "model": "school_components.department", 
    "fields": {
        "school": 1, 
        "name": "Activity", 
        "description": ""
    }
},
{
    "pk": 5, 
    "model": "school_components.department", 
    "fields": {
        "school": 1, 
        "name": "Cultural Studies", 
        "description": ""
    }
},
{
    "pk": 6, 
    "model": "school_components.department", 
    "fields": {
        "school": 1, 
        "name": "Music", 
        "description": ""
    }
},
{
    "pk": 1, 
    "model": "school_components.class", 
    "fields": {
        "school": 1, 
        "description": "", 
        "section": "1B", 
        "period": 1, 
        "course": 1, 
        "waiting_list_size": 5, 
        "class_size": 15, 
        "room": "3"
    }
},
{
    "pk": 2, 
    "model": "school_components.class", 
    "fields": {
        "school": 1, 
        "description": "", 
        "section": "GB1", 
        "period": 1, 
        "course": 3, 
        "waiting_list_size": 5, 
        "class_size": 10, 
        "room": "2"
    }
},
{
    "pk": 3, 
    "model": "school_components.class", 
    "fields": {
        "school": 1, 
        "description": "", 
        "section": "SHG7", 
        "period": 1, 
        "course": 9, 
        "waiting_list_size": 5, 
        "class_size": 20, 
        "room": "7"
    }
},
{
    "pk": 4, 
    "model": "school_components.class", 
    "fields": {
        "school": 1, 
        "description": "", 
        "section": "TSBG", 
        "period": 1, 
        "course": 6, 
        "waiting_list_size": 5, 
        "class_size": 20, 
        "room": "10"
    }
},
{
    "pk": 5, 
    "model": "school_components.class", 
    "fields": {
        "school": 1, 
        "description": "", 
        "section": "SHB7", 
        "period": 1, 
        "course": 10, 
        "waiting_list_size": 5, 
        "class_size": 10, 
        "room": "2"
    }
},
{
    "pk": 6, 
    "model": "school_components.class", 
    "fields": {
        "school": 1, 
        "description": "", 
        "section": "1A", 
        "period": 1, 
        "course": 1, 
        "waiting_list_size": 3, 
        "class_size": 10, 
        "room": "3/2"
    }
},
{
    "pk": 10, 
    "model": "school_components.class", 
    "fields": {
        "school": 1, 
        "description": "", 
        "section": "GB2", 
        "period": 1, 
        "course": 3, 
        "waiting_list_size": 5, 
        "class_size": 20, 
        "room": "6"
    }
},
{
    "pk": 1, 
    "model": "school_components.classschedule", 
    "fields": {
        "start_time": "17:15:00", 
        "monday": false, 
        "sch_class": 1, 
        "friday": false, 
        "wednesday": false, 
        "thursday": false, 
        "saturday": true, 
        "sunday": true, 
        "end_time": "18:15:00", 
        "tuesday": false
    }
},
{
    "pk": 2, 
    "model": "school_components.classschedule", 
    "fields": {
        "start_time": "17:15:00", 
        "monday": false, 
        "sch_class": 2, 
        "friday": false, 
        "wednesday": false, 
        "thursday": false, 
        "saturday": true, 
        "sunday": true, 
        "end_time": "18:15:00", 
        "tuesday": false
    }
},
{
    "pk": 3, 
    "model": "school_components.classschedule", 
    "fields": {
        "start_time": "18:15:00", 
        "monday": false, 
        "sch_class": 3, 
        "friday": false, 
        "wednesday": false, 
        "thursday": false, 
        "saturday": false, 
        "sunday": true, 
        "end_time": "19:15:00", 
        "tuesday": false
    }
},
{
    "pk": 4, 
    "model": "school_components.classschedule", 
    "fields": {
        "start_time": "19:30:00", 
        "monday": false, 
        "sch_class": 4, 
        "friday": false, 
        "wednesday": true, 
        "thursday": false, 
        "saturday": true, 
        "sunday": false, 
        "end_time": "20:30:00", 
        "tuesday": false
    }
},
{
    "pk": 5, 
    "model": "school_components.classschedule", 
    "fields": {
        "start_time": "18:15:00", 
        "monday": false, 
        "sch_class": 5, 
        "friday": false, 
        "wednesday": false, 
        "thursday": false, 
        "saturday": false, 
        "sunday": true, 
        "end_time": "19:15:00", 
        "tuesday": false
    }
},
{
    "pk": 6, 
    "model": "school_components.classschedule", 
    "fields": {
        "start_time": "09:00:00", 
        "monday": false, 
        "sch_class": 6, 
        "friday": false, 
        "wednesday": false, 
        "thursday": false, 
        "saturday": true, 
        "sunday": true, 
        "end_time": "10:00:00", 
        "tuesday": false
    }
},
{
    "pk": 7, 
    "model": "school_components.classschedule", 
    "fields": {
        "start_time": "09:00:00", 
        "monday": true, 
        "sch_class": 10, 
        "friday": false, 
        "wednesday": false, 
        "thursday": false, 
        "saturday": false, 
        "sunday": false, 
        "end_time": "10:00:00", 
        "tuesday": true
    }
},
{
    "pk": 1, 
    "model": "school_components.classteacher", 
    "fields": {
        "taught_class": 10, 
        "teacher": 1
    }
},
{
    "pk": 1, 
    "model": "dashboard.notificationtype", 
    "fields": {
        "content": "Student missed 3 classes in row", 
        "notification_type": "Attendance", 
        "condition": 3
    }
},
{
    "pk": 2, 
    "model": "dashboard.notificationtype", 
    "fields": {
        "content": "Student performance is lowest than 50%", 
        "notification_type": "Performance", 
        "condition": 50
    }
},
{
    "pk": 3, 
    "model": "dashboard.notificationtype", 
    "fields": {
        "content": "Student did not deliver 3 assignments", 
        "notification_type": "Assignment", 
        "condition": 3
    }
},
{
    "pk": 1, 
    "model": "auth.permission", 
    "fields": {
        "codename": "add_logentry", 
        "name": "Can add log entry", 
        "content_type": 1
    }
},
{
    "pk": 2, 
    "model": "auth.permission", 
    "fields": {
        "codename": "change_logentry", 
        "name": "Can change log entry", 
        "content_type": 1
    }
},
{
    "pk": 3, 
    "model": "auth.permission", 
    "fields": {
        "codename": "delete_logentry", 
        "name": "Can delete log entry", 
        "content_type": 1
    }
},
{
    "pk": 4, 
    "model": "auth.permission", 
    "fields": {
        "codename": "add_permission", 
        "name": "Can add permission", 
        "content_type": 2
    }
},
{
    "pk": 5, 
    "model": "auth.permission", 
    "fields": {
        "codename": "change_permission", 
        "name": "Can change permission", 
        "content_type": 2
    }
},
{
    "pk": 6, 
    "model": "auth.permission", 
    "fields": {
        "codename": "delete_permission", 
        "name": "Can delete permission", 
        "content_type": 2
    }
},
{
    "pk": 7, 
    "model": "auth.permission", 
    "fields": {
        "codename": "add_group", 
        "name": "Can add group", 
        "content_type": 3
    }
},
{
    "pk": 8, 
    "model": "auth.permission", 
    "fields": {
        "codename": "change_group", 
        "name": "Can change group", 
        "content_type": 3
    }
},
{
    "pk": 9, 
    "model": "auth.permission", 
    "fields": {
        "codename": "delete_group", 
        "name": "Can delete group", 
        "content_type": 3
    }
},
{
    "pk": 10, 
    "model": "auth.permission", 
    "fields": {
        "codename": "add_user", 
        "name": "Can add user", 
        "content_type": 4
    }
},
{
    "pk": 11, 
    "model": "auth.permission", 
    "fields": {
        "codename": "change_user", 
        "name": "Can change user", 
        "content_type": 4
    }
},
{
    "pk": 12, 
    "model": "auth.permission", 
    "fields": {
        "codename": "delete_user", 
        "name": "Can delete user", 
        "content_type": 4
    }
},
{
    "pk": 13, 
    "model": "auth.permission", 
    "fields": {
        "codename": "add_contenttype", 
        "name": "Can add content type", 
        "content_type": 5
    }
},
{
    "pk": 14, 
    "model": "auth.permission", 
    "fields": {
        "codename": "change_contenttype", 
        "name": "Can change content type", 
        "content_type": 5
    }
},
{
    "pk": 15, 
    "model": "auth.permission", 
    "fields": {
        "codename": "delete_contenttype", 
        "name": "Can delete content type", 
        "content_type": 5
    }
},
{
    "pk": 16, 
    "model": "auth.permission", 
    "fields": {
        "codename": "add_session", 
        "name": "Can add session", 
        "content_type": 6
    }
},
{
    "pk": 17, 
    "model": "auth.permission", 
    "fields": {
        "codename": "change_session", 
        "name": "Can change session", 
        "content_type": 6
    }
},
{
    "pk": 18, 
    "model": "auth.permission", 
    "fields": {
        "codename": "delete_session", 
        "name": "Can delete session", 
        "content_type": 6
    }
},
{
    "pk": 19, 
    "model": "auth.permission", 
    "fields": {
        "codename": "add_sentmessage", 
        "name": "Can add sent message", 
        "content_type": 7
    }
},
{
    "pk": 20, 
    "model": "auth.permission", 
    "fields": {
        "codename": "change_sentmessage", 
        "name": "Can change sent message", 
        "content_type": 7
    }
},
{
    "pk": 21, 
    "model": "auth.permission", 
    "fields": {
        "codename": "delete_sentmessage", 
        "name": "Can delete sent message", 
        "content_type": 7
    }
},
{
    "pk": 22, 
    "model": "auth.permission", 
    "fields": {
        "codename": "add_email", 
        "name": "Can add email", 
        "content_type": 8
    }
},
{
    "pk": 23, 
    "model": "auth.permission", 
    "fields": {
        "codename": "change_email", 
        "name": "Can change email", 
        "content_type": 8
    }
},
{
    "pk": 24, 
    "model": "auth.permission", 
    "fields": {
        "codename": "delete_email", 
        "name": "Can delete email", 
        "content_type": 8
    }
},
{
    "pk": 25, 
    "model": "auth.permission", 
    "fields": {
        "codename": "add_userprofile", 
        "name": "Can add user profile", 
        "content_type": 9
    }
},
{
    "pk": 26, 
    "model": "auth.permission", 
    "fields": {
        "codename": "change_userprofile", 
        "name": "Can change user profile", 
        "content_type": 9
    }
},
{
    "pk": 27, 
    "model": "auth.permission", 
    "fields": {
        "codename": "delete_userprofile", 
        "name": "Can delete user profile", 
        "content_type": 9
    }
},
{
    "pk": 28, 
    "model": "auth.permission", 
    "fields": {
        "codename": "add_teachingavailability", 
        "name": "Can add teaching availability", 
        "content_type": 10
    }
},
{
    "pk": 29, 
    "model": "auth.permission", 
    "fields": {
        "codename": "change_teachingavailability", 
        "name": "Can change teaching availability", 
        "content_type": 10
    }
},
{
    "pk": 30, 
    "model": "auth.permission", 
    "fields": {
        "codename": "delete_teachingavailability", 
        "name": "Can delete teaching availability", 
        "content_type": 10
    }
},
{
    "pk": 31, 
    "model": "auth.permission", 
    "fields": {
        "codename": "add_teacheruser", 
        "name": "Can add teacher user", 
        "content_type": 11
    }
},
{
    "pk": 32, 
    "model": "auth.permission", 
    "fields": {
        "codename": "change_teacheruser", 
        "name": "Can change teacher user", 
        "content_type": 11
    }
},
{
    "pk": 33, 
    "model": "auth.permission", 
    "fields": {
        "codename": "delete_teacheruser", 
        "name": "Can delete teacher user", 
        "content_type": 11
    }
},
{
    "pk": 34, 
    "model": "auth.permission", 
    "fields": {
        "codename": "add_parent", 
        "name": "Can add parent", 
        "content_type": 12
    }
},
{
    "pk": 35, 
    "model": "auth.permission", 
    "fields": {
        "codename": "change_parent", 
        "name": "Can change parent", 
        "content_type": 12
    }
},
{
    "pk": 36, 
    "model": "auth.permission", 
    "fields": {
        "codename": "delete_parent", 
        "name": "Can delete parent", 
        "content_type": 12
    }
},
{
    "pk": 37, 
    "model": "auth.permission", 
    "fields": {
        "codename": "add_payment", 
        "name": "Can add payment", 
        "content_type": 13
    }
},
{
    "pk": 38, 
    "model": "auth.permission", 
    "fields": {
        "codename": "change_payment", 
        "name": "Can change payment", 
        "content_type": 13
    }
},
{
    "pk": 39, 
    "model": "auth.permission", 
    "fields": {
        "codename": "delete_payment", 
        "name": "Can delete payment", 
        "content_type": 13
    }
},
{
    "pk": 40, 
    "model": "auth.permission", 
    "fields": {
        "codename": "add_school", 
        "name": "Can add school", 
        "content_type": 14
    }
},
{
    "pk": 41, 
    "model": "auth.permission", 
    "fields": {
        "codename": "change_school", 
        "name": "Can change school", 
        "content_type": 14
    }
},
{
    "pk": 42, 
    "model": "auth.permission", 
    "fields": {
        "codename": "delete_school", 
        "name": "Can delete school", 
        "content_type": 14
    }
},
{
    "pk": 43, 
    "model": "auth.permission", 
    "fields": {
        "codename": "add_period", 
        "name": "Can add period", 
        "content_type": 15
    }
},
{
    "pk": 44, 
    "model": "auth.permission", 
    "fields": {
        "codename": "change_period", 
        "name": "Can change period", 
        "content_type": 15
    }
},
{
    "pk": 45, 
    "model": "auth.permission", 
    "fields": {
        "codename": "delete_period", 
        "name": "Can delete period", 
        "content_type": 15
    }
},
{
    "pk": 46, 
    "model": "auth.permission", 
    "fields": {
        "codename": "add_student", 
        "name": "Can add student", 
        "content_type": 16
    }
},
{
    "pk": 47, 
    "model": "auth.permission", 
    "fields": {
        "codename": "change_student", 
        "name": "Can change student", 
        "content_type": 16
    }
},
{
    "pk": 48, 
    "model": "auth.permission", 
    "fields": {
        "codename": "delete_student", 
        "name": "Can delete student", 
        "content_type": 16
    }
},
{
    "pk": 49, 
    "model": "auth.permission", 
    "fields": {
        "codename": "add_course", 
        "name": "Can add course", 
        "content_type": 17
    }
},
{
    "pk": 50, 
    "model": "auth.permission", 
    "fields": {
        "codename": "change_course", 
        "name": "Can change course", 
        "content_type": 17
    }
},
{
    "pk": 51, 
    "model": "auth.permission", 
    "fields": {
        "codename": "delete_course", 
        "name": "Can delete course", 
        "content_type": 17
    }
},
{
    "pk": 52, 
    "model": "auth.permission", 
    "fields": {
        "codename": "add_prerequisite", 
        "name": "Can add prerequisite", 
        "content_type": 18
    }
},
{
    "pk": 53, 
    "model": "auth.permission", 
    "fields": {
        "codename": "change_prerequisite", 
        "name": "Can change prerequisite", 
        "content_type": 18
    }
},
{
    "pk": 54, 
    "model": "auth.permission", 
    "fields": {
        "codename": "delete_prerequisite", 
        "name": "Can delete prerequisite", 
        "content_type": 18
    }
},
{
    "pk": 55, 
    "model": "auth.permission", 
    "fields": {
        "codename": "add_department", 
        "name": "Can add department", 
        "content_type": 19
    }
},
{
    "pk": 56, 
    "model": "auth.permission", 
    "fields": {
        "codename": "change_department", 
        "name": "Can change department", 
        "content_type": 19
    }
},
{
    "pk": 57, 
    "model": "auth.permission", 
    "fields": {
        "codename": "delete_department", 
        "name": "Can delete department", 
        "content_type": 19
    }
},
{
    "pk": 58, 
    "model": "auth.permission", 
    "fields": {
        "codename": "add_class", 
        "name": "Can add class", 
        "content_type": 20
    }
},
{
    "pk": 59, 
    "model": "auth.permission", 
    "fields": {
        "codename": "change_class", 
        "name": "Can change class", 
        "content_type": 20
    }
},
{
    "pk": 60, 
    "model": "auth.permission", 
    "fields": {
        "codename": "delete_class", 
        "name": "Can delete class", 
        "content_type": 20
    }
},
{
    "pk": 61, 
    "model": "auth.permission", 
    "fields": {
        "codename": "add_classschedule", 
        "name": "Can add class schedule", 
        "content_type": 21
    }
},
{
    "pk": 62, 
    "model": "auth.permission", 
    "fields": {
        "codename": "change_classschedule", 
        "name": "Can change class schedule", 
        "content_type": 21
    }
},
{
    "pk": 63, 
    "model": "auth.permission", 
    "fields": {
        "codename": "delete_classschedule", 
        "name": "Can delete class schedule", 
        "content_type": 21
    }
},
{
    "pk": 64, 
    "model": "auth.permission", 
    "fields": {
        "codename": "add_classteacher", 
        "name": "Can add class teacher", 
        "content_type": 22
    }
},
{
    "pk": 65, 
    "model": "auth.permission", 
    "fields": {
        "codename": "change_classteacher", 
        "name": "Can change class teacher", 
        "content_type": 22
    }
},
{
    "pk": 66, 
    "model": "auth.permission", 
    "fields": {
        "codename": "delete_classteacher", 
        "name": "Can delete class teacher", 
        "content_type": 22
    }
},
{
    "pk": 67, 
    "model": "auth.permission", 
    "fields": {
        "codename": "add_classregistration", 
        "name": "Can add class registration", 
        "content_type": 23
    }
},
{
    "pk": 68, 
    "model": "auth.permission", 
    "fields": {
        "codename": "change_classregistration", 
        "name": "Can change class registration", 
        "content_type": 23
    }
},
{
    "pk": 69, 
    "model": "auth.permission", 
    "fields": {
        "codename": "delete_classregistration", 
        "name": "Can delete class registration", 
        "content_type": 23
    }
},
{
    "pk": 70, 
    "model": "auth.permission", 
    "fields": {
        "codename": "add_classattendance", 
        "name": "Can add class attendance", 
        "content_type": 24
    }
},
{
    "pk": 71, 
    "model": "auth.permission", 
    "fields": {
        "codename": "change_classattendance", 
        "name": "Can change class attendance", 
        "content_type": 24
    }
},
{
    "pk": 72, 
    "model": "auth.permission", 
    "fields": {
        "codename": "delete_classattendance", 
        "name": "Can delete class attendance", 
        "content_type": 24
    }
},
{
    "pk": 73, 
    "model": "auth.permission", 
    "fields": {
        "codename": "add_assignment", 
        "name": "Can add assignment", 
        "content_type": 25
    }
},
{
    "pk": 74, 
    "model": "auth.permission", 
    "fields": {
        "codename": "change_assignment", 
        "name": "Can change assignment", 
        "content_type": 25
    }
},
{
    "pk": 75, 
    "model": "auth.permission", 
    "fields": {
        "codename": "delete_assignment", 
        "name": "Can delete assignment", 
        "content_type": 25
    }
},
{
    "pk": 76, 
    "model": "auth.permission", 
    "fields": {
        "codename": "add_grading", 
        "name": "Can add grading", 
        "content_type": 26
    }
},
{
    "pk": 77, 
    "model": "auth.permission", 
    "fields": {
        "codename": "change_grading", 
        "name": "Can change grading", 
        "content_type": 26
    }
},
{
    "pk": 78, 
    "model": "auth.permission", 
    "fields": {
        "codename": "delete_grading", 
        "name": "Can delete grading", 
        "content_type": 26
    }
},
{
    "pk": 79, 
    "model": "auth.permission", 
    "fields": {
        "codename": "add_notificationtype", 
        "name": "Can add notification type", 
        "content_type": 27
    }
},
{
    "pk": 80, 
    "model": "auth.permission", 
    "fields": {
        "codename": "change_notificationtype", 
        "name": "Can change notification type", 
        "content_type": 27
    }
},
{
    "pk": 81, 
    "model": "auth.permission", 
    "fields": {
        "codename": "delete_notificationtype", 
        "name": "Can delete notification type", 
        "content_type": 27
    }
},
{
    "pk": 82, 
    "model": "auth.permission", 
    "fields": {
        "codename": "add_notification", 
        "name": "Can add notification", 
        "content_type": 28
    }
},
{
    "pk": 83, 
    "model": "auth.permission", 
    "fields": {
        "codename": "change_notification", 
        "name": "Can change notification", 
        "content_type": 28
    }
},
{
    "pk": 84, 
    "model": "auth.permission", 
    "fields": {
        "codename": "delete_notification", 
        "name": "Can delete notification", 
        "content_type": 28
    }
},
{
    "pk": 85, 
    "model": "auth.permission", 
    "fields": {
        "codename": "add_chart", 
        "name": "Can add chart", 
        "content_type": 29
    }
},
{
    "pk": 86, 
    "model": "auth.permission", 
    "fields": {
        "codename": "change_chart", 
        "name": "Can change chart", 
        "content_type": 29
    }
},
{
    "pk": 87, 
    "model": "auth.permission", 
    "fields": {
        "codename": "delete_chart", 
        "name": "Can delete chart", 
        "content_type": 29
    }
},
{
    "pk": 88, 
    "model": "auth.permission", 
    "fields": {
        "codename": "add_reports", 
        "name": "Can add reports", 
        "content_type": 30
    }
},
{
    "pk": 89, 
    "model": "auth.permission", 
    "fields": {
        "codename": "change_reports", 
        "name": "Can change reports", 
        "content_type": 30
    }
},
{
    "pk": 90, 
    "model": "auth.permission", 
    "fields": {
        "codename": "delete_reports", 
        "name": "Can delete reports", 
        "content_type": 30
    }
},
{
    "pk": 1, 
    "model": "auth.user", 
    "fields": {
        "username": "admin", 
        "first_name": "", 
        "last_name": "", 
        "is_active": true, 
        "is_superuser": true, 
        "is_staff": true, 
        "last_login": "2015-03-23T03:17:00.747Z", 
        "groups": [], 
        "user_permissions": [], 
        "password": "pbkdf2_sha256$12000$zqDRH1vgwVMV$i1oB4iixmi8D/9JKhZWSIucbAXTOConIZepeKECN/lo=", 
        "email": "admin@example.com", 
        "date_joined": "2015-03-23T02:34:29.159Z"
    }
},
{
    "pk": 2, 
    "model": "auth.user", 
    "fields": {
        "username": "admin@email.com", 
        "first_name": "Admin First Name", 
        "last_name": "Admin Last Name", 
        "is_active": true, 
        "is_superuser": false, 
        "is_staff": false, 
        "last_login": "2015-03-23T03:20:09.607Z", 
        "groups": [], 
        "user_permissions": [], 
        "password": "pbkdf2_sha256$12000$cObFzzh0P6Al$JbFmW7FMl9sLypoWxmtwBAQsXCdlg02jDXkbV5z/Gp0=", 
        "email": "admin@email.com", 
        "date_joined": "2015-03-23T02:34:39.443Z"
    }
},
{
    "pk": 3, 
    "model": "auth.user", 
    "fields": {
        "username": "teacher@example.com", 
        "first_name": "Teacher", 
        "last_name": "Teach", 
        "is_active": true, 
        "is_superuser": false, 
        "is_staff": false, 
        "last_login": "2015-03-23T03:08:34.117Z", 
        "groups": [], 
        "user_permissions": [], 
        "password": "pbkdf2_sha256$12000$rIOB0jYfICkP$Ay2Sa9G8Vs0IjoXTHgKp44s9y8aAu9QcwgrdLOlka7E=", 
        "email": "teacher@example.com", 
        "date_joined": "2015-03-23T03:08:34.117Z"
    }
},
{
    "pk": 1, 
    "model": "accounts.userprofile", 
    "fields": {
        "phone": "778-666-000", 
        "school": 1, 
        "role": "SYSTEM_ADMIN", 
        "user": 2, 
        "period": 1
    }
},
{
    "pk": 2, 
    "model": "accounts.userprofile", 
    "fields": {
        "phone": "5890459", 
        "school": 1, 
        "role": "TEACHER", 
        "user": 3, 
        "period": 1
    }
}
]
