[
{
    "pk": 1, 
    "model": "contenttypes.contenttype", 
    "fields": {
        "model": "logentry", 
        "name": "log entry", 
        "app_label": "admin"
    }
},
{
    "pk": 2, 
    "model": "contenttypes.contenttype", 
    "fields": {
        "model": "permission", 
        "name": "permission", 
        "app_label": "auth"
    }
},
{
    "pk": 3, 
    "model": "contenttypes.contenttype", 
    "fields": {
        "model": "group", 
        "name": "group", 
        "app_label": "auth"
    }
},
{
    "pk": 4, 
    "model": "contenttypes.contenttype", 
    "fields": {
        "model": "user", 
        "name": "user", 
        "app_label": "auth"
    }
},
{
    "pk": 5, 
    "model": "contenttypes.contenttype", 
    "fields": {
        "model": "contenttype", 
        "name": "content type", 
        "app_label": "contenttypes"
    }
},
{
    "pk": 6, 
    "model": "contenttypes.contenttype", 
    "fields": {
        "model": "session", 
        "name": "session", 
        "app_label": "sessions"
    }
},
{
    "pk": 7, 
    "model": "contenttypes.contenttype", 
    "fields": {
        "model": "sentmessage", 
        "name": "sent message", 
        "app_label": "messages"
    }
},
{
    "pk": 8, 
    "model": "contenttypes.contenttype", 
    "fields": {
        "model": "email", 
        "name": "email", 
        "app_label": "messages"
    }
},
{
    "pk": 9, 
    "model": "contenttypes.contenttype", 
    "fields": {
        "model": "userprofile", 
        "name": "user profile", 
        "app_label": "accounts"
    }
},
{
    "pk": 10, 
    "model": "contenttypes.contenttype", 
    "fields": {
        "model": "teachingavailability", 
        "name": "teaching availability", 
        "app_label": "accounts"
    }
},
{
    "pk": 11, 
    "model": "contenttypes.contenttype", 
    "fields": {
        "model": "teacheruser", 
        "name": "teacher user", 
        "app_label": "accounts"
    }
},
{
    "pk": 12, 
    "model": "contenttypes.contenttype", 
    "fields": {
        "model": "parent", 
        "name": "parent", 
        "app_label": "school_components"
    }
},
{
    "pk": 13, 
    "model": "contenttypes.contenttype", 
    "fields": {
        "model": "payment", 
        "name": "payment", 
        "app_label": "school_components"
    }
},
{
    "pk": 14, 
    "model": "contenttypes.contenttype", 
    "fields": {
        "model": "school", 
        "name": "school", 
        "app_label": "school_components"
    }
},
{
    "pk": 15, 
    "model": "contenttypes.contenttype", 
    "fields": {
        "model": "period", 
        "name": "period", 
        "app_label": "school_components"
    }
},
{
    "pk": 16, 
    "model": "contenttypes.contenttype", 
    "fields": {
        "model": "student", 
        "name": "student", 
        "app_label": "school_components"
    }
},
{
    "pk": 17, 
    "model": "contenttypes.contenttype", 
    "fields": {
        "model": "course", 
        "name": "course", 
        "app_label": "school_components"
    }
},
{
    "pk": 18, 
    "model": "contenttypes.contenttype", 
    "fields": {
        "model": "prerequisite", 
        "name": "prerequisite", 
        "app_label": "school_components"
    }
},
{
    "pk": 19, 
    "model": "contenttypes.contenttype", 
    "fields": {
        "model": "department", 
        "name": "department", 
        "app_label": "school_components"
    }
},
{
    "pk": 20, 
    "model": "contenttypes.contenttype", 
    "fields": {
        "model": "class", 
        "name": "class", 
        "app_label": "school_components"
    }
},
{
    "pk": 21, 
    "model": "contenttypes.contenttype", 
    "fields": {
        "model": "classschedule", 
        "name": "class schedule", 
        "app_label": "school_components"
    }
},
{
    "pk": 22, 
    "model": "contenttypes.contenttype", 
    "fields": {
        "model": "classteacher", 
        "name": "class teacher", 
        "app_label": "school_components"
    }
},
{
    "pk": 23, 
    "model": "contenttypes.contenttype", 
    "fields": {
        "model": "classregistration", 
        "name": "class registration", 
        "app_label": "school_components"
    }
},
{
    "pk": 24, 
    "model": "contenttypes.contenttype", 
    "fields": {
        "model": "classattendance", 
        "name": "class attendance", 
        "app_label": "school_components"
    }
},
{
    "pk": 25, 
    "model": "contenttypes.contenttype", 
    "fields": {
        "model": "assignment", 
        "name": "assignment", 
        "app_label": "school_components"
    }
},
{
    "pk": 26, 
    "model": "contenttypes.contenttype", 
    "fields": {
        "model": "grading", 
        "name": "grading", 
        "app_label": "school_components"
    }
},
{
    "pk": 27, 
    "model": "contenttypes.contenttype", 
    "fields": {
        "model": "notificationtype", 
        "name": "notification type", 
        "app_label": "dashboard"
    }
},
{
    "pk": 28, 
    "model": "contenttypes.contenttype", 
    "fields": {
        "model": "notification", 
        "name": "notification", 
        "app_label": "dashboard"
    }
},
{
    "pk": 29, 
    "model": "contenttypes.contenttype", 
    "fields": {
        "model": "chart", 
        "name": "chart", 
        "app_label": "dashboard"
    }
},
{
    "pk": 30, 
    "model": "contenttypes.contenttype", 
    "fields": {
        "model": "attendance", 
        "name": "attendance", 
        "app_label": "dashboard"
    }
},
{
    "pk": 31, 
    "model": "contenttypes.contenttype", 
    "fields": {
        "model": "grade", 
        "name": "grade", 
        "app_label": "dashboard"
    }
},
{
    "pk": 32, 
    "model": "contenttypes.contenttype", 
    "fields": {
        "model": "reports", 
        "name": "reports", 
        "app_label": "reports"
    }
},
{
    "pk": "rc57mkhrkmq2aa05bldarsuvb7jly4op", 
    "model": "sessions.session", 
    "fields": {
        "expire_date": "2015-03-28T08:36:40.767Z", 
        "session_data": "NjkwNjhkNTJjN2FmMTU0NGVkNjNmOGNlYzAzM2JlZTU4NTU2YWEwYjp7Il9hdXRoX3VzZXJfaWQiOjEsIl9hdXRoX3VzZXJfYmFja2VuZCI6ImRqYW5nby5jb250cmliLmF1dGguYmFja2VuZHMuTW9kZWxCYWNrZW5kIiwiY2xhc3MiOiIzIn0="
    }
},
{
    "pk": 7, 
    "model": "accounts.teachingavailability", 
    "fields": {
        "monday_times": "", 
        "monday": null, 
        "tuesday": null, 
        "thursday_times": "", 
        "wednesday_times": "", 
        "wednesday": null, 
        "thursday": null, 
        "friday": null, 
        "friday_times": "", 
        "tuesday_times": ""
    }
},
{
    "pk": 8, 
    "model": "accounts.teachingavailability", 
    "fields": {
        "monday_times": "10-12", 
        "monday": true, 
        "tuesday": false, 
        "thursday_times": "", 
        "wednesday_times": "17-20", 
        "wednesday": true, 
        "thursday": false, 
        "friday": false, 
        "friday_times": "", 
        "tuesday_times": ""
    }
},
{
    "pk": 1, 
    "model": "accounts.teacheruser", 
    "fields": {
        "teaching_availability": 7, 
        "first_name": "Joe", 
        "last_name": "Jack", 
        "user": 4, 
        "comments": " "
    }
},
{
    "pk": 2, 
    "model": "accounts.teacheruser", 
    "fields": {
        "teaching_availability": 8, 
        "first_name": "Sally", 
        "last_name": "Sue", 
        "user": 4, 
        "comments": " "
    }
},
{
    "pk": 3, 
    "model": "school_components.parent", 
    "fields": {
        "first_name": "Teresa", 
        "last_name": "Price", 
        "school": 1, 
        "period": 3, 
        "comments": "", 
        "cell_phone": "8-(354)235-6820", 
        "email": "jwillis0@xing.com"
    }
},
{
    "pk": 4, 
    "model": "school_components.parent", 
    "fields": {
        "first_name": "Earl", 
        "last_name": "Fox", 
        "school": 1, 
        "period": 3, 
        "comments": "", 
        "cell_phone": "7-(887)447-0021", 
        "email": "caustin1@nbcnews.com"
    }
},
{
    "pk": 5, 
    "model": "school_components.parent", 
    "fields": {
        "first_name": "Theresa", 
        "last_name": "Carter", 
        "school": 1, 
        "period": 3, 
        "comments": "", 
        "cell_phone": "7-(662)254-1698", 
        "email": "sallen2@artisteer.com"
    }
},
{
    "pk": 6, 
    "model": "school_components.parent", 
    "fields": {
        "first_name": "Denise", 
        "last_name": "Medina", 
        "school": 1, 
        "period": 3, 
        "comments": "", 
        "cell_phone": "2-(000)761-3555", 
        "email": "jscott3@imgur.com"
    }
},
{
    "pk": 7, 
    "model": "school_components.parent", 
    "fields": {
        "first_name": "Willie", 
        "last_name": "Ramirez", 
        "school": 1, 
        "period": 3, 
        "comments": "", 
        "cell_phone": "4-(647)482-1595", 
        "email": "tkennedy4@patch.com"
    }
},
{
    "pk": 8, 
    "model": "school_components.parent", 
    "fields": {
        "first_name": "Charles", 
        "last_name": "Berry", 
        "school": 1, 
        "period": 3, 
        "comments": "", 
        "cell_phone": "4-(720)470-1362", 
        "email": "jgeorge5@shinystat.com"
    }
},
{
    "pk": 9, 
    "model": "school_components.parent", 
    "fields": {
        "first_name": "Rachel", 
        "last_name": "Ray", 
        "school": 1, 
        "period": 3, 
        "comments": "", 
        "cell_phone": "6-(075)649-2036", 
        "email": "nberry6@goodreads.com"
    }
},
{
    "pk": 10, 
    "model": "school_components.parent", 
    "fields": {
        "first_name": "Frank", 
        "last_name": "Russell", 
        "school": 1, 
        "period": 3, 
        "comments": "", 
        "cell_phone": "9-(887)570-7625", 
        "email": "chenderson7@abc.net.au"
    }
},
{
    "pk": 11, 
    "model": "school_components.parent", 
    "fields": {
        "first_name": "Kenneth", 
        "last_name": "Meyer", 
        "school": 1, 
        "period": 3, 
        "comments": "", 
        "cell_phone": "3-(928)752-7858", 
        "email": "rhawkins8@nifty.com"
    }
},
{
    "pk": 12, 
    "model": "school_components.parent", 
    "fields": {
        "first_name": "Ashley", 
        "last_name": "Gibson", 
        "school": 1, 
        "period": 3, 
        "comments": "", 
        "cell_phone": "6-(498)571-1911", 
        "email": "cruiz9@adobe.com"
    }
},
{
    "pk": 13, 
    "model": "school_components.parent", 
    "fields": {
        "first_name": "Gregory", 
        "last_name": "Mendoza", 
        "school": 1, 
        "period": 3, 
        "comments": "", 
        "cell_phone": "4-(091)713-9579", 
        "email": "rowensa@mail.ru"
    }
},
{
    "pk": 14, 
    "model": "school_components.parent", 
    "fields": {
        "first_name": "Sean", 
        "last_name": "Chavez", 
        "school": 1, 
        "period": 3, 
        "comments": "", 
        "cell_phone": "6-(683)342-3828", 
        "email": "swatsonb@amazon.com"
    }
},
{
    "pk": 15, 
    "model": "school_components.parent", 
    "fields": {
        "first_name": "Emily", 
        "last_name": "Martin", 
        "school": 1, 
        "period": 3, 
        "comments": "", 
        "cell_phone": "6-(828)892-2277", 
        "email": "nhicksc@com.com"
    }
},
{
    "pk": 16, 
    "model": "school_components.parent", 
    "fields": {
        "first_name": "Patrick", 
        "last_name": "Richards", 
        "school": 1, 
        "period": 3, 
        "comments": "", 
        "cell_phone": "6-(291)812-9230", 
        "email": "gstevensd@tinypic.com"
    }
},
{
    "pk": 17, 
    "model": "school_components.parent", 
    "fields": {
        "first_name": "Lisa", 
        "last_name": "Anderson", 
        "school": 1, 
        "period": 3, 
        "comments": "", 
        "cell_phone": "2-(854)056-9373", 
        "email": "chamiltone@hexun.com"
    }
},
{
    "pk": 18, 
    "model": "school_components.parent", 
    "fields": {
        "first_name": "Amanda", 
        "last_name": "Fowler", 
        "school": 1, 
        "period": 3, 
        "comments": "", 
        "cell_phone": "0-(443)323-1767", 
        "email": "afrazierf@cdbaby.com"
    }
},
{
    "pk": 19, 
    "model": "school_components.parent", 
    "fields": {
        "first_name": "Kevin", 
        "last_name": "Alexander", 
        "school": 1, 
        "period": 3, 
        "comments": "", 
        "cell_phone": "4-(673)058-5792", 
        "email": "awrightg@chronoengine.com"
    }
},
{
    "pk": 20, 
    "model": "school_components.parent", 
    "fields": {
        "first_name": "Nicholas", 
        "last_name": "Marshall", 
        "school": 1, 
        "period": 3, 
        "comments": "", 
        "cell_phone": "9-(546)058-5158", 
        "email": "ewalkerh@is.gd"
    }
},
{
    "pk": 21, 
    "model": "school_components.parent", 
    "fields": {
        "first_name": "Ann", 
        "last_name": "Perry", 
        "school": 1, 
        "period": 3, 
        "comments": "", 
        "cell_phone": "5-(934)724-7310", 
        "email": "rwheeleri@illinois.edu"
    }
},
{
    "pk": 22, 
    "model": "school_components.parent", 
    "fields": {
        "first_name": "Nicole", 
        "last_name": "Dean", 
        "school": 1, 
        "period": 3, 
        "comments": "", 
        "cell_phone": "2-(058)215-1869", 
        "email": "jcarrj@va.gov"
    }
},
{
    "pk": 23, 
    "model": "school_components.parent", 
    "fields": {
        "first_name": "Craig", 
        "last_name": "Armstrong", 
        "school": 1, 
        "period": 3, 
        "comments": "", 
        "cell_phone": "5-(036)391-8287", 
        "email": "cgibsonk@networkadvertising.org"
    }
},
{
    "pk": 24, 
    "model": "school_components.parent", 
    "fields": {
        "first_name": "Benjamin", 
        "last_name": "Wright", 
        "school": 1, 
        "period": 3, 
        "comments": "", 
        "cell_phone": "2-(691)309-7643", 
        "email": "lrobertsl@cargocollective.com"
    }
},
{
    "pk": 25, 
    "model": "school_components.parent", 
    "fields": {
        "first_name": "Terry", 
        "last_name": "Snyder", 
        "school": 1, 
        "period": 3, 
        "comments": "", 
        "cell_phone": "1-(193)843-3461", 
        "email": "mkelleym@ucla.edu"
    }
},
{
    "pk": 26, 
    "model": "school_components.parent", 
    "fields": {
        "first_name": "Terry", 
        "last_name": "Wagner", 
        "school": 1, 
        "period": 3, 
        "comments": "", 
        "cell_phone": "8-(399)170-5407", 
        "email": "rfieldsn@acquirethisname.com"
    }
},
{
    "pk": 27, 
    "model": "school_components.parent", 
    "fields": {
        "first_name": "Theresa", 
        "last_name": "Owens", 
        "school": 1, 
        "period": 3, 
        "comments": "", 
        "cell_phone": "5-(866)220-3800", 
        "email": "dgarretto@wunderground.com"
    }
},
{
    "pk": 28, 
    "model": "school_components.parent", 
    "fields": {
        "first_name": "Steven", 
        "last_name": "Knight", 
        "school": 1, 
        "period": 3, 
        "comments": "", 
        "cell_phone": "0-(408)604-8689", 
        "email": "pgomezp@who.int"
    }
},
{
    "pk": 29, 
    "model": "school_components.parent", 
    "fields": {
        "first_name": "Michael", 
        "last_name": "Reynolds", 
        "school": 1, 
        "period": 3, 
        "comments": "", 
        "cell_phone": "7-(025)499-6809", 
        "email": "kbarnesq@digg.com"
    }
},
{
    "pk": 30, 
    "model": "school_components.parent", 
    "fields": {
        "first_name": "Lori", 
        "last_name": "Harvey", 
        "school": 1, 
        "period": 3, 
        "comments": "", 
        "cell_phone": "8-(237)747-6742", 
        "email": "avasquezr@ucoz.com"
    }
},
{
    "pk": 31, 
    "model": "school_components.parent", 
    "fields": {
        "first_name": "Melissa", 
        "last_name": "Holmes", 
        "school": 1, 
        "period": 3, 
        "comments": "", 
        "cell_phone": "1-(840)381-9108", 
        "email": "khunts@plala.or.jp"
    }
},
{
    "pk": 32, 
    "model": "school_components.parent", 
    "fields": {
        "first_name": "Norma", 
        "last_name": "Mcdonald", 
        "school": 1, 
        "period": 3, 
        "comments": "", 
        "cell_phone": "0-(257)397-9586", 
        "email": "lgarzat@xing.com"
    }
},
{
    "pk": 33, 
    "model": "school_components.parent", 
    "fields": {
        "first_name": "Emily", 
        "last_name": "Simpson", 
        "school": 1, 
        "period": 3, 
        "comments": "", 
        "cell_phone": "9-(489)636-7663", 
        "email": "dphillipsu@google.it"
    }
},
{
    "pk": 34, 
    "model": "school_components.parent", 
    "fields": {
        "first_name": "Norma", 
        "last_name": "Gibson", 
        "school": 1, 
        "period": 3, 
        "comments": "", 
        "cell_phone": "2-(798)229-3026", 
        "email": "eortizv@indiatimes.com"
    }
},
{
    "pk": 35, 
    "model": "school_components.parent", 
    "fields": {
        "first_name": "Daniel", 
        "last_name": "Matthews", 
        "school": 1, 
        "period": 3, 
        "comments": "", 
        "cell_phone": "4-(418)165-6967", 
        "email": "jdiazw@icio.us"
    }
},
{
    "pk": 36, 
    "model": "school_components.parent", 
    "fields": {
        "first_name": "Sara", 
        "last_name": "Clark", 
        "school": 1, 
        "period": 3, 
        "comments": "", 
        "cell_phone": "7-(984)764-1025", 
        "email": "mweaverx@themeforest.net"
    }
},
{
    "pk": 37, 
    "model": "school_components.parent", 
    "fields": {
        "first_name": "David", 
        "last_name": "Cruz", 
        "school": 1, 
        "period": 3, 
        "comments": "", 
        "cell_phone": "2-(459)358-5649", 
        "email": "bwrighty@eepurl.com"
    }
},
{
    "pk": 38, 
    "model": "school_components.parent", 
    "fields": {
        "first_name": "Douglas", 
        "last_name": "Matthews", 
        "school": 1, 
        "period": 3, 
        "comments": "", 
        "cell_phone": "0-(393)268-0096", 
        "email": "mbaileyz@tiny.cc"
    }
},
{
    "pk": 39, 
    "model": "school_components.parent", 
    "fields": {
        "first_name": "Stephanie", 
        "last_name": "Ruiz", 
        "school": 1, 
        "period": 3, 
        "comments": "", 
        "cell_phone": "2-(433)394-6330", 
        "email": "agray10@nationalgeographic.com"
    }
},
{
    "pk": 40, 
    "model": "school_components.parent", 
    "fields": {
        "first_name": "Wayne", 
        "last_name": "Crawford", 
        "school": 1, 
        "period": 3, 
        "comments": "", 
        "cell_phone": "5-(915)331-9906", 
        "email": "emartin11@moonfruit.com"
    }
},
{
    "pk": 41, 
    "model": "school_components.parent", 
    "fields": {
        "first_name": "Gerald", 
        "last_name": "Rice", 
        "school": 1, 
        "period": 3, 
        "comments": "", 
        "cell_phone": "3-(712)210-7100", 
        "email": "mcrawford12@geocities.jp"
    }
},
{
    "pk": 42, 
    "model": "school_components.parent", 
    "fields": {
        "first_name": "Mark", 
        "last_name": "Walker", 
        "school": 1, 
        "period": 3, 
        "comments": "", 
        "cell_phone": "4-(768)947-1933", 
        "email": "bhernandez13@amazon.com"
    }
},
{
    "pk": 43, 
    "model": "school_components.parent", 
    "fields": {
        "first_name": "Gerald", 
        "last_name": "Elliott", 
        "school": 1, 
        "period": 3, 
        "comments": "", 
        "cell_phone": "1-(868)680-6347", 
        "email": "jpeters14@blogger.com"
    }
},
{
    "pk": 44, 
    "model": "school_components.parent", 
    "fields": {
        "first_name": "Chris", 
        "last_name": "Perry", 
        "school": 1, 
        "period": 3, 
        "comments": "", 
        "cell_phone": "1-(768)668-8435", 
        "email": "rhamilton15@un.org"
    }
},
{
    "pk": 45, 
    "model": "school_components.parent", 
    "fields": {
        "first_name": "Mark", 
        "last_name": "Mcdonald", 
        "school": 1, 
        "period": 3, 
        "comments": "", 
        "cell_phone": "0-(548)682-4454", 
        "email": "spierce16@livejournal.com"
    }
},
{
    "pk": 46, 
    "model": "school_components.parent", 
    "fields": {
        "first_name": "Karen", 
        "last_name": "Ferguson", 
        "school": 1, 
        "period": 3, 
        "comments": "", 
        "cell_phone": "6-(914)772-4170", 
        "email": "mmorris17@dmoz.org"
    }
},
{
    "pk": 47, 
    "model": "school_components.parent", 
    "fields": {
        "first_name": "Julie", 
        "last_name": "Price", 
        "school": 1, 
        "period": 3, 
        "comments": "", 
        "cell_phone": "5-(188)725-5712", 
        "email": "tlittle18@unblog.fr"
    }
},
{
    "pk": 48, 
    "model": "school_components.parent", 
    "fields": {
        "first_name": "Jeffrey", 
        "last_name": "Andrews", 
        "school": 1, 
        "period": 3, 
        "comments": "", 
        "cell_phone": "8-(786)981-7256", 
        "email": "ppeters19@newyorker.com"
    }
},
{
    "pk": 49, 
    "model": "school_components.parent", 
    "fields": {
        "first_name": "Lillian", 
        "last_name": "Schmidt", 
        "school": 1, 
        "period": 3, 
        "comments": "", 
        "cell_phone": "8-(033)848-5461", 
        "email": "mjones1a@nba.com"
    }
},
{
    "pk": 50, 
    "model": "school_components.parent", 
    "fields": {
        "first_name": "Shawn", 
        "last_name": "Morgan", 
        "school": 1, 
        "period": 3, 
        "comments": "", 
        "cell_phone": "9-(039)098-5750", 
        "email": "cfranklin1b@blogtalkradio.com"
    }
},
{
    "pk": 51, 
    "model": "school_components.parent", 
    "fields": {
        "first_name": "Elizabeth", 
        "last_name": "Lane", 
        "school": 1, 
        "period": 3, 
        "comments": "", 
        "cell_phone": "5-(537)886-8933", 
        "email": "mwoods1c@shop-pro.jp"
    }
},
{
    "pk": 52, 
    "model": "school_components.parent", 
    "fields": {
        "first_name": "Thomas", 
        "last_name": "Robinson", 
        "school": 1, 
        "period": 3, 
        "comments": "", 
        "cell_phone": "0-(190)032-5732", 
        "email": "wreyes1d@seesaa.net"
    }
},
{
    "pk": 53, 
    "model": "school_components.parent", 
    "fields": {
        "first_name": "William", 
        "last_name": "Clark", 
        "school": 1, 
        "period": 3, 
        "comments": "", 
        "cell_phone": "4-(513)402-9129", 
        "email": "arice1e@phoca.cz"
    }
},
{
    "pk": 54, 
    "model": "school_components.parent", 
    "fields": {
        "first_name": "Sarah", 
        "last_name": "Garcia", 
        "school": 1, 
        "period": 3, 
        "comments": "", 
        "cell_phone": "5-(262)430-2757", 
        "email": "lharris1f@comsenz.com"
    }
},
{
    "pk": 55, 
    "model": "school_components.parent", 
    "fields": {
        "first_name": "Helen", 
        "last_name": "Parker", 
        "school": 1, 
        "period": 3, 
        "comments": "", 
        "cell_phone": "2-(388)306-7224", 
        "email": "dpeters1g@discuz.net"
    }
},
{
    "pk": 56, 
    "model": "school_components.parent", 
    "fields": {
        "first_name": "Nicole", 
        "last_name": "Arnold", 
        "school": 1, 
        "period": 3, 
        "comments": "", 
        "cell_phone": "9-(351)760-2348", 
        "email": "lfernandez1h@geocities.jp"
    }
},
{
    "pk": 57, 
    "model": "school_components.parent", 
    "fields": {
        "first_name": "Kathleen", 
        "last_name": "Howard", 
        "school": 1, 
        "period": 3, 
        "comments": "", 
        "cell_phone": "7-(498)926-0699", 
        "email": "lwilliamson1i@yale.edu"
    }
},
{
    "pk": 58, 
    "model": "school_components.parent", 
    "fields": {
        "first_name": "Walter", 
        "last_name": "Welch", 
        "school": 1, 
        "period": 3, 
        "comments": "", 
        "cell_phone": "3-(992)304-9246", 
        "email": "ckelly1j@feedburner.com"
    }
},
{
    "pk": 59, 
    "model": "school_components.parent", 
    "fields": {
        "first_name": "Mark", 
        "last_name": "Bennett", 
        "school": 1, 
        "period": 3, 
        "comments": "", 
        "cell_phone": "8-(211)384-7566", 
        "email": "ecarroll1k@drupal.org"
    }
},
{
    "pk": 1, 
    "model": "school_components.school", 
    "fields": {
        "phone": "555-1234", 
        "address": "123 Main St", 
        "title": "School A"
    }
},
{
    "pk": 3, 
    "model": "school_components.period", 
    "fields": {
        "school": 1, 
        "description": "Winter-2015", 
        "end_date": "2014-12-19", 
        "start_date": "2015-01-05"
    }
},
{
    "pk": 4, 
    "model": "school_components.period", 
    "fields": {
        "school": 1, 
        "description": "Fall-2015", 
        "end_date": "2015-03-14", 
        "start_date": "2015-03-14"
    }
},
{
    "pk": 1, 
    "model": "school_components.student", 
    "fields": {
        "first_name": "Carolyn", 
        "last_name": "Jones", 
        "emergency_contact_phone": "6-(621)832-5904", 
        "emergency_contact_name": "Julie Willis", 
        "parent": 3, 
        "gender": "F", 
        "school": 1, 
        "birthdate": "2004-06-30", 
        "period": 3, 
        "allergies": "", 
        "comments": "", 
        "home_phone": "7-(272)438-7908", 
        "address": "06738 Sauthoff Junction", 
        "email": "jwillis0@photobucket.com"
    }
},
{
    "pk": 2, 
    "model": "school_components.student", 
    "fields": {
        "first_name": "Henry", 
        "last_name": "Kelly", 
        "emergency_contact_phone": "1-(582)009-8140", 
        "emergency_contact_name": "Clarence Austin", 
        "parent": 4, 
        "gender": "M", 
        "school": 1, 
        "birthdate": "2010-07-23", 
        "period": 3, 
        "allergies": "", 
        "comments": "", 
        "home_phone": "5-(991)035-2219", 
        "address": "94 Sutteridge Trail", 
        "email": "caustin1@jugem.jp"
    }
},
{
    "pk": 3, 
    "model": "school_components.student", 
    "fields": {
        "first_name": "Jacqueline", 
        "last_name": "Burke", 
        "emergency_contact_phone": "9-(693)626-9517", 
        "emergency_contact_name": "Sara Allen", 
        "parent": 5, 
        "gender": "F", 
        "school": 1, 
        "birthdate": "2012-09-15", 
        "period": 3, 
        "allergies": "", 
        "comments": "", 
        "home_phone": "0-(995)097-2961", 
        "address": "3 Victoria Way", 
        "email": "sallen2@yellowpages.com"
    }
},
{
    "pk": 4, 
    "model": "school_components.student", 
    "fields": {
        "first_name": "Janet", 
        "last_name": "Graham", 
        "emergency_contact_phone": "5-(053)318-1483", 
        "emergency_contact_name": "Jane Scott", 
        "parent": 6, 
        "gender": "F", 
        "school": 1, 
        "birthdate": "2003-06-19", 
        "period": 3, 
        "allergies": "", 
        "comments": "", 
        "home_phone": "6-(325)352-1651", 
        "address": "46459 Vernon Park", 
        "email": "jscott3@yolasite.com"
    }
},
{
    "pk": 5, 
    "model": "school_components.student", 
    "fields": {
        "first_name": "Roy", 
        "last_name": "Thomas", 
        "emergency_contact_phone": "0-(377)358-6346", 
        "emergency_contact_name": "Thomas Kennedy", 
        "parent": 7, 
        "gender": "M", 
        "school": 1, 
        "birthdate": "2011-04-17", 
        "period": 3, 
        "allergies": "", 
        "comments": "", 
        "home_phone": "5-(097)636-0960", 
        "address": "4 Kensington Court", 
        "email": "tkennedy4@vinaora.com"
    }
},
{
    "pk": 6, 
    "model": "school_components.student", 
    "fields": {
        "first_name": "Gary", 
        "last_name": "Wells", 
        "emergency_contact_phone": "3-(073)564-1663", 
        "emergency_contact_name": "Johnny George", 
        "parent": 8, 
        "gender": "M", 
        "school": 1, 
        "birthdate": "2004-08-07", 
        "period": 3, 
        "allergies": "", 
        "comments": "", 
        "home_phone": "6-(487)368-6761", 
        "address": "7 Grover Road", 
        "email": "jgeorge5@state.gov"
    }
},
{
    "pk": 7, 
    "model": "school_components.student", 
    "fields": {
        "first_name": "Marie", 
        "last_name": "Cole", 
        "emergency_contact_phone": "9-(635)021-7255", 
        "emergency_contact_name": "Nancy Berry", 
        "parent": 9, 
        "gender": "F", 
        "school": 1, 
        "birthdate": "2004-01-01", 
        "period": 3, 
        "allergies": "", 
        "comments": "", 
        "home_phone": "6-(256)769-4083", 
        "address": "2 Schmedeman Way", 
        "email": "nberry6@nih.gov"
    }
},
{
    "pk": 8, 
    "model": "school_components.student", 
    "fields": {
        "first_name": "Louis", 
        "last_name": "Foster", 
        "emergency_contact_phone": "5-(684)586-7671", 
        "emergency_contact_name": "Clarence Henderson", 
        "parent": 10, 
        "gender": "M", 
        "school": 1, 
        "birthdate": "2013-11-07", 
        "period": 3, 
        "allergies": "", 
        "comments": "", 
        "home_phone": "9-(053)821-7877", 
        "address": "27 Springview Street", 
        "email": "chenderson7@myspace.com"
    }
},
{
    "pk": 9, 
    "model": "school_components.student", 
    "fields": {
        "first_name": "Joshua", 
        "last_name": "Carroll", 
        "emergency_contact_phone": "9-(362)910-5648", 
        "emergency_contact_name": "Ryan Hawkins", 
        "parent": 11, 
        "gender": "M", 
        "school": 1, 
        "birthdate": "2002-03-03", 
        "period": 3, 
        "allergies": "", 
        "comments": "", 
        "home_phone": "9-(083)314-8146", 
        "address": "8523 Pleasure Hill", 
        "email": "rhawkins8@tamu.edu"
    }
},
{
    "pk": 10, 
    "model": "school_components.student", 
    "fields": {
        "first_name": "Jean", 
        "last_name": "Bryant", 
        "emergency_contact_phone": "3-(632)998-9477", 
        "emergency_contact_name": "Christine Ruiz", 
        "parent": 12, 
        "gender": "F", 
        "school": 1, 
        "birthdate": "2001-09-10", 
        "period": 3, 
        "allergies": "", 
        "comments": "", 
        "home_phone": "0-(521)587-4168", 
        "address": "299 Hoepker Avenue", 
        "email": "cruiz9@whitehouse.gov"
    }
},
{
    "pk": 11, 
    "model": "school_components.student", 
    "fields": {
        "first_name": "Ryan", 
        "last_name": "Armstrong", 
        "emergency_contact_phone": "7-(945)189-8935", 
        "emergency_contact_name": "Roger Owens", 
        "parent": 13, 
        "gender": "M", 
        "school": 1, 
        "birthdate": "2000-06-06", 
        "period": 3, 
        "allergies": "", 
        "comments": "", 
        "home_phone": "6-(769)581-0155", 
        "address": "89 Derek Lane", 
        "email": "rowensa@illinois.edu"
    }
},
{
    "pk": 12, 
    "model": "school_components.student", 
    "fields": {
        "first_name": "Eugene", 
        "last_name": "Cox", 
        "emergency_contact_phone": "9-(317)642-9781", 
        "emergency_contact_name": "Steven Watson", 
        "parent": 14, 
        "gender": "M", 
        "school": 1, 
        "birthdate": "2010-02-14", 
        "period": 3, 
        "allergies": "", 
        "comments": "", 
        "home_phone": "0-(687)528-7507", 
        "address": "75 Heffernan Circle", 
        "email": "swatsonb@indiegogo.com"
    }
},
{
    "pk": 13, 
    "model": "school_components.student", 
    "fields": {
        "first_name": "Anna", 
        "last_name": "Sullivan", 
        "emergency_contact_phone": "3-(791)885-1076", 
        "emergency_contact_name": "Nancy Hicks", 
        "parent": 15, 
        "gender": "F", 
        "school": 1, 
        "birthdate": "2006-12-08", 
        "period": 3, 
        "allergies": "", 
        "comments": "", 
        "home_phone": "5-(117)911-9637", 
        "address": "47 Forest Dale Pass", 
        "email": "nhicksc@admin.ch"
    }
},
{
    "pk": 14, 
    "model": "school_components.student", 
    "fields": {
        "first_name": "Timothy", 
        "last_name": "Rice", 
        "emergency_contact_phone": "0-(936)803-2496", 
        "emergency_contact_name": "Gerald Stevens", 
        "parent": 16, 
        "gender": "M", 
        "school": 1, 
        "birthdate": "2005-10-20", 
        "period": 3, 
        "allergies": "", 
        "comments": "", 
        "home_phone": "7-(631)859-4323", 
        "address": "32 Esch Lane", 
        "email": "gstevensd@nationalgeographic.com"
    }
},
{
    "pk": 15, 
    "model": "school_components.student", 
    "fields": {
        "first_name": "Judith", 
        "last_name": "Price", 
        "emergency_contact_phone": "2-(024)032-2818", 
        "emergency_contact_name": "Christina Hamilton", 
        "parent": 17, 
        "gender": "F", 
        "school": 1, 
        "birthdate": "2011-12-21", 
        "period": 3, 
        "allergies": "", 
        "comments": "", 
        "home_phone": "2-(111)817-7656", 
        "address": "0 Menomonie Point", 
        "email": "chamiltone@nhs.uk"
    }
},
{
    "pk": 16, 
    "model": "school_components.student", 
    "fields": {
        "first_name": "Kimberly", 
        "last_name": "Cruz", 
        "emergency_contact_phone": "6-(907)513-3347", 
        "emergency_contact_name": "Anne Frazier", 
        "parent": 18, 
        "gender": "F", 
        "school": 1, 
        "birthdate": "2007-06-07", 
        "period": 3, 
        "allergies": "", 
        "comments": "", 
        "home_phone": "8-(835)822-4058", 
        "address": "467 Kensington Parkway", 
        "email": "afrazierf@bloomberg.com"
    }
},
{
    "pk": 17, 
    "model": "school_components.student", 
    "fields": {
        "first_name": "Joseph", 
        "last_name": "Harrison", 
        "emergency_contact_phone": "9-(591)703-8177", 
        "emergency_contact_name": "Andrew Wright", 
        "parent": 19, 
        "gender": "M", 
        "school": 1, 
        "birthdate": "2014-08-24", 
        "period": 3, 
        "allergies": "", 
        "comments": "", 
        "home_phone": "6-(465)520-6010", 
        "address": "2 Hoffman Street", 
        "email": "awrightg@pcworld.com"
    }
},
{
    "pk": 18, 
    "model": "school_components.student", 
    "fields": {
        "first_name": "Brandon", 
        "last_name": "Davis", 
        "emergency_contact_phone": "5-(575)778-2606", 
        "emergency_contact_name": "Eugene Walker", 
        "parent": 20, 
        "gender": "M", 
        "school": 1, 
        "birthdate": "2001-11-20", 
        "period": 3, 
        "allergies": "", 
        "comments": "", 
        "home_phone": "1-(614)520-3859", 
        "address": "25 Jana Pass", 
        "email": "ewalkerh@cargocollective.com"
    }
},
{
    "pk": 19, 
    "model": "school_components.student", 
    "fields": {
        "first_name": "Paula", 
        "last_name": "Black", 
        "emergency_contact_phone": "6-(359)214-4052", 
        "emergency_contact_name": "Ruby Wheeler", 
        "parent": 21, 
        "gender": "F", 
        "school": 1, 
        "birthdate": "2005-02-28", 
        "period": 3, 
        "allergies": "OCTINOXATE", 
        "comments": "", 
        "home_phone": "7-(092)820-4736", 
        "address": "4 Milwaukee Road", 
        "email": "rwheeleri@sogou.com"
    }
},
{
    "pk": 20, 
    "model": "school_components.student", 
    "fields": {
        "first_name": "Pamela", 
        "last_name": "Freeman", 
        "emergency_contact_phone": "5-(993)423-7695", 
        "emergency_contact_name": "Joan Carr", 
        "parent": 22, 
        "gender": "F", 
        "school": 1, 
        "birthdate": "2005-03-18", 
        "period": 3, 
        "allergies": "", 
        "comments": "", 
        "home_phone": "2-(875)976-0310", 
        "address": "18 Stoughton Lane", 
        "email": "jcarrj@unesco.org"
    }
},
{
    "pk": 21, 
    "model": "school_components.student", 
    "fields": {
        "first_name": "Jesse", 
        "last_name": "Bowman", 
        "emergency_contact_phone": "2-(918)796-7206", 
        "emergency_contact_name": "Carl Gibson", 
        "parent": 23, 
        "gender": "M", 
        "school": 1, 
        "birthdate": "2009-08-06", 
        "period": 3, 
        "allergies": "", 
        "comments": "", 
        "home_phone": "4-(684)863-2581", 
        "address": "35409 Corry Hill", 
        "email": "cgibsonk@plala.or.jp"
    }
},
{
    "pk": 22, 
    "model": "school_components.student", 
    "fields": {
        "first_name": "Andrew", 
        "last_name": "Brown", 
        "emergency_contact_phone": "7-(774)983-0413", 
        "emergency_contact_name": "Lawrence Roberts", 
        "parent": 24, 
        "gender": "M", 
        "school": 1, 
        "birthdate": "2008-11-14", 
        "period": 3, 
        "allergies": "", 
        "comments": "", 
        "home_phone": "8-(672)863-2213", 
        "address": "2435 Ryan Way", 
        "email": "lrobertsl@about.me"
    }
},
{
    "pk": 23, 
    "model": "school_components.student", 
    "fields": {
        "first_name": "Kevin", 
        "last_name": "Ford", 
        "emergency_contact_phone": "4-(067)562-4783", 
        "emergency_contact_name": "Mark Kelley", 
        "parent": 25, 
        "gender": "M", 
        "school": 1, 
        "birthdate": "2014-02-18", 
        "period": 3, 
        "allergies": "", 
        "comments": "", 
        "home_phone": "9-(769)264-6395", 
        "address": "5972 Erie Center", 
        "email": "mkelleym@twitpic.com"
    }
},
{
    "pk": 24, 
    "model": "school_components.student", 
    "fields": {
        "first_name": "Larry", 
        "last_name": "Phillips", 
        "emergency_contact_phone": "4-(367)178-7435", 
        "emergency_contact_name": "Ryan Fields", 
        "parent": 26, 
        "gender": "M", 
        "school": 1, 
        "birthdate": "2007-05-31", 
        "period": 3, 
        "allergies": "", 
        "comments": "", 
        "home_phone": "1-(952)651-5254", 
        "address": "5116 Sheridan Parkway", 
        "email": "rfieldsn@indiatimes.com"
    }
},
{
    "pk": 25, 
    "model": "school_components.student", 
    "fields": {
        "first_name": "Barbara", 
        "last_name": "Webb", 
        "emergency_contact_phone": "2-(838)420-4123", 
        "emergency_contact_name": "Denise Garrett", 
        "parent": 27, 
        "gender": "F", 
        "school": 1, 
        "birthdate": "2004-09-20", 
        "period": 3, 
        "allergies": "", 
        "comments": "", 
        "home_phone": "8-(105)803-8460", 
        "address": "3 Muir Road", 
        "email": "dgarretto@goodreads.com"
    }
},
{
    "pk": 26, 
    "model": "school_components.student", 
    "fields": {
        "first_name": "Ronald", 
        "last_name": "Ramos", 
        "emergency_contact_phone": "3-(719)553-9821", 
        "emergency_contact_name": "Patrick Gomez", 
        "parent": 28, 
        "gender": "M", 
        "school": 1, 
        "birthdate": "2006-11-19", 
        "period": 3, 
        "allergies": "", 
        "comments": "", 
        "home_phone": "9-(981)445-9425", 
        "address": "45231 Hallows Plaza", 
        "email": "pgomezp@unblog.fr"
    }
},
{
    "pk": 27, 
    "model": "school_components.student", 
    "fields": {
        "first_name": "Justin", 
        "last_name": "Sanchez", 
        "emergency_contact_phone": "9-(460)253-6901", 
        "emergency_contact_name": "Keith Barnes", 
        "parent": 29, 
        "gender": "M", 
        "school": 1, 
        "birthdate": "2001-07-21", 
        "period": 3, 
        "allergies": "", 
        "comments": "", 
        "home_phone": "4-(958)148-0046", 
        "address": "585 Luster Plaza", 
        "email": "kbarnesq@home.pl"
    }
},
{
    "pk": 28, 
    "model": "school_components.student", 
    "fields": {
        "first_name": "Irene", 
        "last_name": "West", 
        "emergency_contact_phone": "5-(451)499-1974", 
        "emergency_contact_name": "Angela Vasquez", 
        "parent": 30, 
        "gender": "F", 
        "school": 1, 
        "birthdate": "2004-05-05", 
        "period": 3, 
        "allergies": "Fluoxetine Hydrochloride", 
        "comments": "", 
        "home_phone": "6-(642)391-1565", 
        "address": "3 Melrose Avenue", 
        "email": "avasquezr@marketwatch.com"
    }
},
{
    "pk": 29, 
    "model": "school_components.student", 
    "fields": {
        "first_name": "Mary", 
        "last_name": "Martin", 
        "emergency_contact_phone": "2-(862)813-6237", 
        "emergency_contact_name": "Kathy Hunt", 
        "parent": 31, 
        "gender": "F", 
        "school": 1, 
        "birthdate": "2002-08-13", 
        "period": 3, 
        "allergies": "", 
        "comments": "", 
        "home_phone": "2-(609)916-7441", 
        "address": "03630 Hanover Center", 
        "email": "khunts@nifty.com"
    }
},
{
    "pk": 30, 
    "model": "school_components.student", 
    "fields": {
        "first_name": "Sharon", 
        "last_name": "Hernandez", 
        "emergency_contact_phone": "5-(336)218-6409", 
        "emergency_contact_name": "Louise Garza", 
        "parent": 32, 
        "gender": "F", 
        "school": 1, 
        "birthdate": "2002-03-29", 
        "period": 3, 
        "allergies": "", 
        "comments": "", 
        "home_phone": "3-(716)879-7691", 
        "address": "3531 Monterey Point", 
        "email": "lgarzat@reuters.com"
    }
},
{
    "pk": 31, 
    "model": "school_components.student", 
    "fields": {
        "first_name": "Pamela", 
        "last_name": "Smith", 
        "emergency_contact_phone": "7-(632)712-2233", 
        "emergency_contact_name": "Debra Phillips", 
        "parent": 33, 
        "gender": "F", 
        "school": 1, 
        "birthdate": "2002-11-23", 
        "period": 3, 
        "allergies": "SALICYLIC ACID", 
        "comments": "", 
        "home_phone": "6-(545)554-1742", 
        "address": "10252 Armistice Road", 
        "email": "dphillipsu@cdbaby.com"
    }
},
{
    "pk": 32, 
    "model": "school_components.student", 
    "fields": {
        "first_name": "Robin", 
        "last_name": "Morgan", 
        "emergency_contact_phone": "7-(717)515-3657", 
        "emergency_contact_name": "Emily Ortiz", 
        "parent": 34, 
        "gender": "F", 
        "school": 1, 
        "birthdate": "2002-02-11", 
        "period": 3, 
        "allergies": "", 
        "comments": "", 
        "home_phone": "0-(587)662-8402", 
        "address": "34 Heffernan Hill", 
        "email": "eortizv@ezinearticles.com"
    }
},
{
    "pk": 33, 
    "model": "school_components.student", 
    "fields": {
        "first_name": "Benjamin", 
        "last_name": "Robertson", 
        "emergency_contact_phone": "4-(750)996-3563", 
        "emergency_contact_name": "Jack Diaz", 
        "parent": 35, 
        "gender": "M", 
        "school": 1, 
        "birthdate": "2007-08-13", 
        "period": 3, 
        "allergies": "", 
        "comments": "", 
        "home_phone": "1-(074)058-8941", 
        "address": "8 Gerald Way", 
        "email": "jdiazw@tinyurl.com"
    }
},
{
    "pk": 34, 
    "model": "school_components.student", 
    "fields": {
        "first_name": "Barbara", 
        "last_name": "Smith", 
        "emergency_contact_phone": "5-(788)824-3420", 
        "emergency_contact_name": "Maria Weaver", 
        "parent": 36, 
        "gender": "F", 
        "school": 1, 
        "birthdate": "2012-06-14", 
        "period": 3, 
        "allergies": "", 
        "comments": "", 
        "home_phone": "3-(704)865-6419", 
        "address": "37 Ilene Terrace", 
        "email": "mweaverx@homestead.com"
    }
},
{
    "pk": 35, 
    "model": "school_components.student", 
    "fields": {
        "first_name": "Ronald", 
        "last_name": "Owens", 
        "emergency_contact_phone": "9-(722)238-1567", 
        "emergency_contact_name": "Bobby Wright", 
        "parent": 37, 
        "gender": "M", 
        "school": 1, 
        "birthdate": "2001-02-01", 
        "period": 3, 
        "allergies": "", 
        "comments": "", 
        "home_phone": "9-(001)679-0231", 
        "address": "0 Bashford Point", 
        "email": "bwrighty@comsenz.com"
    }
},
{
    "pk": 36, 
    "model": "school_components.student", 
    "fields": {
        "first_name": "John", 
        "last_name": "Tucker", 
        "emergency_contact_phone": "1-(983)573-5571", 
        "emergency_contact_name": "Martin Bailey", 
        "parent": 38, 
        "gender": "M", 
        "school": 1, 
        "birthdate": "2003-08-25", 
        "period": 3, 
        "allergies": "", 
        "comments": "", 
        "home_phone": "6-(117)322-5259", 
        "address": "84940 Barnett Center", 
        "email": "mbaileyz@nydailynews.com"
    }
},
{
    "pk": 37, 
    "model": "school_components.student", 
    "fields": {
        "first_name": "Debra", 
        "last_name": "Morrison", 
        "emergency_contact_phone": "8-(525)261-7041", 
        "emergency_contact_name": "Amanda Gray", 
        "parent": 39, 
        "gender": "F", 
        "school": 1, 
        "birthdate": "2006-12-25", 
        "period": 3, 
        "allergies": "", 
        "comments": "", 
        "home_phone": "3-(855)206-3771", 
        "address": "02 Lotheville Parkway", 
        "email": "agray10@myspace.com"
    }
},
{
    "pk": 38, 
    "model": "school_components.student", 
    "fields": {
        "first_name": "Arthur", 
        "last_name": "Rice", 
        "emergency_contact_phone": "6-(427)600-6053", 
        "emergency_contact_name": "Edward Martin", 
        "parent": 40, 
        "gender": "M", 
        "school": 1, 
        "birthdate": "2006-12-22", 
        "period": 3, 
        "allergies": "", 
        "comments": "", 
        "home_phone": "5-(157)975-0188", 
        "address": "26 Rowland Road", 
        "email": "emartin11@toplist.cz"
    }
},
{
    "pk": 39, 
    "model": "school_components.student", 
    "fields": {
        "first_name": "Henry", 
        "last_name": "Johnson", 
        "emergency_contact_phone": "2-(383)511-8774", 
        "emergency_contact_name": "Martin Crawford", 
        "parent": 41, 
        "gender": "M", 
        "school": 1, 
        "birthdate": "2008-12-20", 
        "period": 3, 
        "allergies": "", 
        "comments": "", 
        "home_phone": "3-(098)940-4554", 
        "address": "5294 Sycamore Pass", 
        "email": "mcrawford12@elegantthemes.com"
    }
},
{
    "pk": 40, 
    "model": "school_components.student", 
    "fields": {
        "first_name": "Roy", 
        "last_name": "Daniels", 
        "emergency_contact_phone": "4-(220)308-8559", 
        "emergency_contact_name": "Brandon Hernandez", 
        "parent": 42, 
        "gender": "M", 
        "school": 1, 
        "birthdate": "2006-05-06", 
        "period": 3, 
        "allergies": "", 
        "comments": "", 
        "home_phone": "0-(095)675-3213", 
        "address": "3475 Westridge Plaza", 
        "email": "bhernandez13@g.co"
    }
},
{
    "pk": 41, 
    "model": "school_components.student", 
    "fields": {
        "first_name": "Steven", 
        "last_name": "Jackson", 
        "emergency_contact_phone": "9-(869)022-7966", 
        "emergency_contact_name": "Jason Peters", 
        "parent": 43, 
        "gender": "M", 
        "school": 1, 
        "birthdate": "2011-02-08", 
        "period": 3, 
        "allergies": "", 
        "comments": "", 
        "home_phone": "1-(290)437-7252", 
        "address": "84 Sherman Crossing", 
        "email": "jpeters14@desdev.cn"
    }
},
{
    "pk": 42, 
    "model": "school_components.student", 
    "fields": {
        "first_name": "George", 
        "last_name": "Welch", 
        "emergency_contact_phone": "5-(797)796-1745", 
        "emergency_contact_name": "Ralph Hamilton", 
        "parent": 44, 
        "gender": "M", 
        "school": 1, 
        "birthdate": "2008-02-29", 
        "period": 3, 
        "allergies": "", 
        "comments": "", 
        "home_phone": "9-(240)876-6889", 
        "address": "5000 Warrior Pass", 
        "email": "rhamilton15@csmonitor.com"
    }
},
{
    "pk": 43, 
    "model": "school_components.student", 
    "fields": {
        "first_name": "Howard", 
        "last_name": "Simmons", 
        "emergency_contact_phone": "4-(014)317-8596", 
        "emergency_contact_name": "Sean Pierce", 
        "parent": 45, 
        "gender": "M", 
        "school": 1, 
        "birthdate": "2002-07-06", 
        "period": 3, 
        "allergies": "Phenol", 
        "comments": "", 
        "home_phone": "4-(858)989-5448", 
        "address": "803 Bluejay Way", 
        "email": "spierce16@bravesites.com"
    }
},
{
    "pk": 44, 
    "model": "school_components.student", 
    "fields": {
        "first_name": "Barbara", 
        "last_name": "Hanson", 
        "emergency_contact_phone": "1-(356)334-1004", 
        "emergency_contact_name": "Martha Morris", 
        "parent": 46, 
        "gender": "F", 
        "school": 1, 
        "birthdate": "2008-11-13", 
        "period": 3, 
        "allergies": "", 
        "comments": "", 
        "home_phone": "4-(536)993-0328", 
        "address": "92 Grasskamp Drive", 
        "email": "mmorris17@techcrunch.com"
    }
},
{
    "pk": 45, 
    "model": "school_components.student", 
    "fields": {
        "first_name": "Paula", 
        "last_name": "Baker", 
        "emergency_contact_phone": "0-(918)364-5301", 
        "emergency_contact_name": "Teresa Little", 
        "parent": 47, 
        "gender": "F", 
        "school": 1, 
        "birthdate": "2004-10-06", 
        "period": 3, 
        "allergies": "", 
        "comments": "", 
        "home_phone": "4-(369)500-5510", 
        "address": "35 Truax Alley", 
        "email": "tlittle18@phpbb.com"
    }
},
{
    "pk": 46, 
    "model": "school_components.student", 
    "fields": {
        "first_name": "Kenneth", 
        "last_name": "Allen", 
        "emergency_contact_phone": "6-(859)795-5767", 
        "emergency_contact_name": "Patrick Peters", 
        "parent": 48, 
        "gender": "M", 
        "school": 1, 
        "birthdate": "2001-11-16", 
        "period": 3, 
        "allergies": "", 
        "comments": "", 
        "home_phone": "6-(607)791-6702", 
        "address": "18 Bluestem Lane", 
        "email": "ppeters19@earthlink.net"
    }
},
{
    "pk": 47, 
    "model": "school_components.student", 
    "fields": {
        "first_name": "Lillian", 
        "last_name": "Williams", 
        "emergency_contact_phone": "1-(341)350-6412", 
        "emergency_contact_name": "Marilyn Jones", 
        "parent": 49, 
        "gender": "F", 
        "school": 1, 
        "birthdate": "2007-08-31", 
        "period": 3, 
        "allergies": "", 
        "comments": "", 
        "home_phone": "6-(781)765-0953", 
        "address": "157 Esch Circle", 
        "email": "mjones1a@wired.com"
    }
},
{
    "pk": 48, 
    "model": "school_components.student", 
    "fields": {
        "first_name": "Henry", 
        "last_name": "Price", 
        "emergency_contact_phone": "1-(814)738-5898", 
        "emergency_contact_name": "Charles Franklin", 
        "parent": 50, 
        "gender": "M", 
        "school": 1, 
        "birthdate": "2013-08-26", 
        "period": 3, 
        "allergies": "", 
        "comments": "", 
        "home_phone": "4-(151)695-2534", 
        "address": "56182 Artisan Parkway", 
        "email": "cfranklin1b@businessinsider.com"
    }
},
{
    "pk": 49, 
    "model": "school_components.student", 
    "fields": {
        "first_name": "Sarah", 
        "last_name": "Jackson", 
        "emergency_contact_phone": "1-(669)706-9479", 
        "emergency_contact_name": "Marilyn Woods", 
        "parent": 51, 
        "gender": "F", 
        "school": 1, 
        "birthdate": "2005-06-28", 
        "period": 3, 
        "allergies": "Acebutolol Hydrochloride", 
        "comments": "", 
        "home_phone": "9-(664)460-8482", 
        "address": "4 Sycamore Place", 
        "email": "mwoods1c@cocolog-nifty.com"
    }
},
{
    "pk": 50, 
    "model": "school_components.student", 
    "fields": {
        "first_name": "Charles", 
        "last_name": "Gonzales", 
        "emergency_contact_phone": "7-(167)889-9825", 
        "emergency_contact_name": "Wayne Reyes", 
        "parent": 52, 
        "gender": "M", 
        "school": 1, 
        "birthdate": "2001-11-04", 
        "period": 3, 
        "allergies": "", 
        "comments": "", 
        "home_phone": "8-(618)395-0258", 
        "address": "230 Chinook Terrace", 
        "email": "wreyes1d@hc360.com"
    }
},
{
    "pk": 51, 
    "model": "school_components.student", 
    "fields": {
        "first_name": "Henry", 
        "last_name": "Gibson", 
        "emergency_contact_phone": "1-(161)962-5521", 
        "emergency_contact_name": "Anthony Rice", 
        "parent": 53, 
        "gender": "M", 
        "school": 1, 
        "birthdate": "2002-04-22", 
        "period": 3, 
        "allergies": "", 
        "comments": "", 
        "home_phone": "8-(090)709-3341", 
        "address": "54 Lotheville Pass", 
        "email": "arice1e@mtv.com"
    }
},
{
    "pk": 52, 
    "model": "school_components.student", 
    "fields": {
        "first_name": "Heather", 
        "last_name": "Ferguson", 
        "emergency_contact_phone": "3-(285)861-2130", 
        "emergency_contact_name": "Laura Harris", 
        "parent": 54, 
        "gender": "F", 
        "school": 1, 
        "birthdate": "2005-07-11", 
        "period": 3, 
        "allergies": "Alcohol", 
        "comments": "", 
        "home_phone": "7-(706)263-9602", 
        "address": "32777 Cody Point", 
        "email": "lharris1f@dailymotion.com"
    }
},
{
    "pk": 53, 
    "model": "school_components.student", 
    "fields": {
        "first_name": "Bonnie", 
        "last_name": "Webb", 
        "emergency_contact_phone": "7-(104)304-3734", 
        "emergency_contact_name": "Deborah Peters", 
        "parent": 55, 
        "gender": "F", 
        "school": 1, 
        "birthdate": "2003-06-02", 
        "period": 3, 
        "allergies": "", 
        "comments": "", 
        "home_phone": "9-(086)697-2326", 
        "address": "02 Fair Oaks Hill", 
        "email": "dpeters1g@pinterest.com"
    }
},
{
    "pk": 54, 
    "model": "school_components.student", 
    "fields": {
        "first_name": "Michelle", 
        "last_name": "Parker", 
        "emergency_contact_phone": "5-(056)634-6556", 
        "emergency_contact_name": "Laura Fernandez", 
        "parent": 56, 
        "gender": "F", 
        "school": 1, 
        "birthdate": "2010-04-08", 
        "period": 3, 
        "allergies": "Yellow Hornet hymenoptera venom Multidose", 
        "comments": "", 
        "home_phone": "4-(490)148-1386", 
        "address": "63 Becker Alley", 
        "email": "lfernandez1h@imdb.com"
    }
},
{
    "pk": 55, 
    "model": "school_components.student", 
    "fields": {
        "first_name": "Barbara", 
        "last_name": "Fisher", 
        "emergency_contact_phone": "2-(029)230-6211", 
        "emergency_contact_name": "Louise Williamson", 
        "parent": 57, 
        "gender": "F", 
        "school": 1, 
        "birthdate": "2010-07-16", 
        "period": 3, 
        "allergies": "", 
        "comments": "", 
        "home_phone": "9-(592)782-4565", 
        "address": "70 Buell Circle", 
        "email": "lwilliamson1i@godaddy.com"
    }
},
{
    "pk": 56, 
    "model": "school_components.student", 
    "fields": {
        "first_name": "Frank", 
        "last_name": "Gibson", 
        "emergency_contact_phone": "9-(920)573-8300", 
        "emergency_contact_name": "Chris Kelly", 
        "parent": 58, 
        "gender": "M", 
        "school": 1, 
        "birthdate": "2004-05-29", 
        "period": 3, 
        "allergies": "Hydrocortisone", 
        "comments": "", 
        "home_phone": "4-(836)709-7552", 
        "address": "85 Columbus Drive", 
        "email": "ckelly1j@shinystat.com"
    }
},
{
    "pk": 57, 
    "model": "school_components.student", 
    "fields": {
        "first_name": "Patrick", 
        "last_name": "Stephens", 
        "emergency_contact_phone": "0-(826)448-0007", 
        "emergency_contact_name": "Eric Carroll", 
        "parent": 59, 
        "gender": "M", 
        "school": 1, 
        "birthdate": "2003-11-21", 
        "period": 3, 
        "allergies": "", 
        "comments": "", 
        "home_phone": "4-(462)966-1665", 
        "address": "90665 Stephen Terrace", 
        "email": "ecarroll1k@irs.gov"
    }
},
{
    "pk": 1, 
    "model": "school_components.course", 
    "fields": {
        "school": 1, 
        "name": "Tabla (Boys)", 
        "age_requirement": 0, 
        "level": "1", 
        "period": 3, 
        "department": 1, 
        "description": ""
    }
},
{
    "pk": 2, 
    "model": "school_components.course", 
    "fields": {
        "school": 1, 
        "name": "LKC", 
        "age_requirement": 3, 
        "level": "2", 
        "period": 4, 
        "department": 2, 
        "description": ""
    }
},
{
    "pk": 1, 
    "model": "school_components.department", 
    "fields": {
        "school": 1, 
        "name": "Kirtan", 
        "description": "The Kirtan program at Gobind Sarvar incorporates all aspects of Kirtan and Gurbani to allow students to experience Guru Sahib's teachings at a much deeper level. Currently we offer 10 levels of Harmonium, 5 levels of Tabla and 3 levels of String Instruments (Dilruba, Rabaab, Sarandaa, Sitar, and Sarangee) instruction."
    }
},
{
    "pk": 2, 
    "model": "school_components.department", 
    "fields": {
        "school": 1, 
        "name": "Little Khalsa Club", 
        "description": "Little Khalsa Club (LKC) is a unique class for 3-6 year old students which was started in September 2013 due to high demand after a very successful Little Gursikhs Summer Camp. The core focus of LKC is to encourage students to begin building lasting friendships while learning the beauty of Guru Sahib's Path at a very young age. "
    }
},
{
    "pk": 1, 
    "model": "school_components.class", 
    "fields": {
        "school": 1, 
        "description": "", 
        "section": "101", 
        "period": 3, 
        "course": 1, 
        "waiting_list_size": 5, 
        "class_size": 20, 
        "room": "5"
    }
},
{
    "pk": 2, 
    "model": "school_components.class", 
    "fields": {
        "school": 1, 
        "description": "", 
        "section": "201", 
        "period": 3, 
        "course": 1, 
        "waiting_list_size": 10, 
        "class_size": 30, 
        "room": "6"
    }
},
{
    "pk": 3, 
    "model": "school_components.class", 
    "fields": {
        "school": 1, 
        "description": "", 
        "section": "1", 
        "period": 4, 
        "course": 2, 
        "waiting_list_size": 5, 
        "class_size": 20, 
        "room": "1"
    }
},
{
    "pk": 1, 
    "model": "auth.permission", 
    "fields": {
        "codename": "add_logentry", 
        "name": "Can add log entry", 
        "content_type": 1
    }
},
{
    "pk": 2, 
    "model": "auth.permission", 
    "fields": {
        "codename": "change_logentry", 
        "name": "Can change log entry", 
        "content_type": 1
    }
},
{
    "pk": 3, 
    "model": "auth.permission", 
    "fields": {
        "codename": "delete_logentry", 
        "name": "Can delete log entry", 
        "content_type": 1
    }
},
{
    "pk": 4, 
    "model": "auth.permission", 
    "fields": {
        "codename": "add_permission", 
        "name": "Can add permission", 
        "content_type": 2
    }
},
{
    "pk": 5, 
    "model": "auth.permission", 
    "fields": {
        "codename": "change_permission", 
        "name": "Can change permission", 
        "content_type": 2
    }
},
{
    "pk": 6, 
    "model": "auth.permission", 
    "fields": {
        "codename": "delete_permission", 
        "name": "Can delete permission", 
        "content_type": 2
    }
},
{
    "pk": 7, 
    "model": "auth.permission", 
    "fields": {
        "codename": "add_group", 
        "name": "Can add group", 
        "content_type": 3
    }
},
{
    "pk": 8, 
    "model": "auth.permission", 
    "fields": {
        "codename": "change_group", 
        "name": "Can change group", 
        "content_type": 3
    }
},
{
    "pk": 9, 
    "model": "auth.permission", 
    "fields": {
        "codename": "delete_group", 
        "name": "Can delete group", 
        "content_type": 3
    }
},
{
    "pk": 10, 
    "model": "auth.permission", 
    "fields": {
        "codename": "add_user", 
        "name": "Can add user", 
        "content_type": 4
    }
},
{
    "pk": 11, 
    "model": "auth.permission", 
    "fields": {
        "codename": "change_user", 
        "name": "Can change user", 
        "content_type": 4
    }
},
{
    "pk": 12, 
    "model": "auth.permission", 
    "fields": {
        "codename": "delete_user", 
        "name": "Can delete user", 
        "content_type": 4
    }
},
{
    "pk": 13, 
    "model": "auth.permission", 
    "fields": {
        "codename": "add_contenttype", 
        "name": "Can add content type", 
        "content_type": 5
    }
},
{
    "pk": 14, 
    "model": "auth.permission", 
    "fields": {
        "codename": "change_contenttype", 
        "name": "Can change content type", 
        "content_type": 5
    }
},
{
    "pk": 15, 
    "model": "auth.permission", 
    "fields": {
        "codename": "delete_contenttype", 
        "name": "Can delete content type", 
        "content_type": 5
    }
},
{
    "pk": 16, 
    "model": "auth.permission", 
    "fields": {
        "codename": "add_session", 
        "name": "Can add session", 
        "content_type": 6
    }
},
{
    "pk": 17, 
    "model": "auth.permission", 
    "fields": {
        "codename": "change_session", 
        "name": "Can change session", 
        "content_type": 6
    }
},
{
    "pk": 18, 
    "model": "auth.permission", 
    "fields": {
        "codename": "delete_session", 
        "name": "Can delete session", 
        "content_type": 6
    }
},
{
    "pk": 19, 
    "model": "auth.permission", 
    "fields": {
        "codename": "add_sentmessage", 
        "name": "Can add sent message", 
        "content_type": 7
    }
},
{
    "pk": 20, 
    "model": "auth.permission", 
    "fields": {
        "codename": "change_sentmessage", 
        "name": "Can change sent message", 
        "content_type": 7
    }
},
{
    "pk": 21, 
    "model": "auth.permission", 
    "fields": {
        "codename": "delete_sentmessage", 
        "name": "Can delete sent message", 
        "content_type": 7
    }
},
{
    "pk": 22, 
    "model": "auth.permission", 
    "fields": {
        "codename": "add_email", 
        "name": "Can add email", 
        "content_type": 8
    }
},
{
    "pk": 23, 
    "model": "auth.permission", 
    "fields": {
        "codename": "change_email", 
        "name": "Can change email", 
        "content_type": 8
    }
},
{
    "pk": 24, 
    "model": "auth.permission", 
    "fields": {
        "codename": "delete_email", 
        "name": "Can delete email", 
        "content_type": 8
    }
},
{
    "pk": 25, 
    "model": "auth.permission", 
    "fields": {
        "codename": "add_userprofile", 
        "name": "Can add user profile", 
        "content_type": 9
    }
},
{
    "pk": 26, 
    "model": "auth.permission", 
    "fields": {
        "codename": "change_userprofile", 
        "name": "Can change user profile", 
        "content_type": 9
    }
},
{
    "pk": 27, 
    "model": "auth.permission", 
    "fields": {
        "codename": "delete_userprofile", 
        "name": "Can delete user profile", 
        "content_type": 9
    }
},
{
    "pk": 28, 
    "model": "auth.permission", 
    "fields": {
        "codename": "add_teachingavailability", 
        "name": "Can add teaching availability", 
        "content_type": 10
    }
},
{
    "pk": 29, 
    "model": "auth.permission", 
    "fields": {
        "codename": "change_teachingavailability", 
        "name": "Can change teaching availability", 
        "content_type": 10
    }
},
{
    "pk": 30, 
    "model": "auth.permission", 
    "fields": {
        "codename": "delete_teachingavailability", 
        "name": "Can delete teaching availability", 
        "content_type": 10
    }
},
{
    "pk": 31, 
    "model": "auth.permission", 
    "fields": {
        "codename": "add_teacheruser", 
        "name": "Can add teacher user", 
        "content_type": 11
    }
},
{
    "pk": 32, 
    "model": "auth.permission", 
    "fields": {
        "codename": "change_teacheruser", 
        "name": "Can change teacher user", 
        "content_type": 11
    }
},
{
    "pk": 33, 
    "model": "auth.permission", 
    "fields": {
        "codename": "delete_teacheruser", 
        "name": "Can delete teacher user", 
        "content_type": 11
    }
},
{
    "pk": 34, 
    "model": "auth.permission", 
    "fields": {
        "codename": "add_parent", 
        "name": "Can add parent", 
        "content_type": 12
    }
},
{
    "pk": 35, 
    "model": "auth.permission", 
    "fields": {
        "codename": "change_parent", 
        "name": "Can change parent", 
        "content_type": 12
    }
},
{
    "pk": 36, 
    "model": "auth.permission", 
    "fields": {
        "codename": "delete_parent", 
        "name": "Can delete parent", 
        "content_type": 12
    }
},
{
    "pk": 37, 
    "model": "auth.permission", 
    "fields": {
        "codename": "add_payment", 
        "name": "Can add payment", 
        "content_type": 13
    }
},
{
    "pk": 38, 
    "model": "auth.permission", 
    "fields": {
        "codename": "change_payment", 
        "name": "Can change payment", 
        "content_type": 13
    }
},
{
    "pk": 39, 
    "model": "auth.permission", 
    "fields": {
        "codename": "delete_payment", 
        "name": "Can delete payment", 
        "content_type": 13
    }
},
{
    "pk": 40, 
    "model": "auth.permission", 
    "fields": {
        "codename": "add_school", 
        "name": "Can add school", 
        "content_type": 14
    }
},
{
    "pk": 41, 
    "model": "auth.permission", 
    "fields": {
        "codename": "change_school", 
        "name": "Can change school", 
        "content_type": 14
    }
},
{
    "pk": 42, 
    "model": "auth.permission", 
    "fields": {
        "codename": "delete_school", 
        "name": "Can delete school", 
        "content_type": 14
    }
},
{
    "pk": 43, 
    "model": "auth.permission", 
    "fields": {
        "codename": "add_period", 
        "name": "Can add period", 
        "content_type": 15
    }
},
{
    "pk": 44, 
    "model": "auth.permission", 
    "fields": {
        "codename": "change_period", 
        "name": "Can change period", 
        "content_type": 15
    }
},
{
    "pk": 45, 
    "model": "auth.permission", 
    "fields": {
        "codename": "delete_period", 
        "name": "Can delete period", 
        "content_type": 15
    }
},
{
    "pk": 46, 
    "model": "auth.permission", 
    "fields": {
        "codename": "add_student", 
        "name": "Can add student", 
        "content_type": 16
    }
},
{
    "pk": 47, 
    "model": "auth.permission", 
    "fields": {
        "codename": "change_student", 
        "name": "Can change student", 
        "content_type": 16
    }
},
{
    "pk": 48, 
    "model": "auth.permission", 
    "fields": {
        "codename": "delete_student", 
        "name": "Can delete student", 
        "content_type": 16
    }
},
{
    "pk": 49, 
    "model": "auth.permission", 
    "fields": {
        "codename": "add_course", 
        "name": "Can add course", 
        "content_type": 17
    }
},
{
    "pk": 50, 
    "model": "auth.permission", 
    "fields": {
        "codename": "change_course", 
        "name": "Can change course", 
        "content_type": 17
    }
},
{
    "pk": 51, 
    "model": "auth.permission", 
    "fields": {
        "codename": "delete_course", 
        "name": "Can delete course", 
        "content_type": 17
    }
},
{
    "pk": 52, 
    "model": "auth.permission", 
    "fields": {
        "codename": "add_prerequisite", 
        "name": "Can add prerequisite", 
        "content_type": 18
    }
},
{
    "pk": 53, 
    "model": "auth.permission", 
    "fields": {
        "codename": "change_prerequisite", 
        "name": "Can change prerequisite", 
        "content_type": 18
    }
},
{
    "pk": 54, 
    "model": "auth.permission", 
    "fields": {
        "codename": "delete_prerequisite", 
        "name": "Can delete prerequisite", 
        "content_type": 18
    }
},
{
    "pk": 55, 
    "model": "auth.permission", 
    "fields": {
        "codename": "add_department", 
        "name": "Can add department", 
        "content_type": 19
    }
},
{
    "pk": 56, 
    "model": "auth.permission", 
    "fields": {
        "codename": "change_department", 
        "name": "Can change department", 
        "content_type": 19
    }
},
{
    "pk": 57, 
    "model": "auth.permission", 
    "fields": {
        "codename": "delete_department", 
        "name": "Can delete department", 
        "content_type": 19
    }
},
{
    "pk": 58, 
    "model": "auth.permission", 
    "fields": {
        "codename": "add_class", 
        "name": "Can add class", 
        "content_type": 20
    }
},
{
    "pk": 59, 
    "model": "auth.permission", 
    "fields": {
        "codename": "change_class", 
        "name": "Can change class", 
        "content_type": 20
    }
},
{
    "pk": 60, 
    "model": "auth.permission", 
    "fields": {
        "codename": "delete_class", 
        "name": "Can delete class", 
        "content_type": 20
    }
},
{
    "pk": 61, 
    "model": "auth.permission", 
    "fields": {
        "codename": "add_classschedule", 
        "name": "Can add class schedule", 
        "content_type": 21
    }
},
{
    "pk": 62, 
    "model": "auth.permission", 
    "fields": {
        "codename": "change_classschedule", 
        "name": "Can change class schedule", 
        "content_type": 21
    }
},
{
    "pk": 63, 
    "model": "auth.permission", 
    "fields": {
        "codename": "delete_classschedule", 
        "name": "Can delete class schedule", 
        "content_type": 21
    }
},
{
    "pk": 64, 
    "model": "auth.permission", 
    "fields": {
        "codename": "add_classteacher", 
        "name": "Can add class teacher", 
        "content_type": 22
    }
},
{
    "pk": 65, 
    "model": "auth.permission", 
    "fields": {
        "codename": "change_classteacher", 
        "name": "Can change class teacher", 
        "content_type": 22
    }
},
{
    "pk": 66, 
    "model": "auth.permission", 
    "fields": {
        "codename": "delete_classteacher", 
        "name": "Can delete class teacher", 
        "content_type": 22
    }
},
{
    "pk": 67, 
    "model": "auth.permission", 
    "fields": {
        "codename": "add_classregistration", 
        "name": "Can add class registration", 
        "content_type": 23
    }
},
{
    "pk": 68, 
    "model": "auth.permission", 
    "fields": {
        "codename": "change_classregistration", 
        "name": "Can change class registration", 
        "content_type": 23
    }
},
{
    "pk": 69, 
    "model": "auth.permission", 
    "fields": {
        "codename": "delete_classregistration", 
        "name": "Can delete class registration", 
        "content_type": 23
    }
},
{
    "pk": 70, 
    "model": "auth.permission", 
    "fields": {
        "codename": "add_classattendance", 
        "name": "Can add class attendance", 
        "content_type": 24
    }
},
{
    "pk": 71, 
    "model": "auth.permission", 
    "fields": {
        "codename": "change_classattendance", 
        "name": "Can change class attendance", 
        "content_type": 24
    }
},
{
    "pk": 72, 
    "model": "auth.permission", 
    "fields": {
        "codename": "delete_classattendance", 
        "name": "Can delete class attendance", 
        "content_type": 24
    }
},
{
    "pk": 73, 
    "model": "auth.permission", 
    "fields": {
        "codename": "add_assignment", 
        "name": "Can add assignment", 
        "content_type": 25
    }
},
{
    "pk": 74, 
    "model": "auth.permission", 
    "fields": {
        "codename": "change_assignment", 
        "name": "Can change assignment", 
        "content_type": 25
    }
},
{
    "pk": 75, 
    "model": "auth.permission", 
    "fields": {
        "codename": "delete_assignment", 
        "name": "Can delete assignment", 
        "content_type": 25
    }
},
{
    "pk": 76, 
    "model": "auth.permission", 
    "fields": {
        "codename": "add_grading", 
        "name": "Can add grading", 
        "content_type": 26
    }
},
{
    "pk": 77, 
    "model": "auth.permission", 
    "fields": {
        "codename": "change_grading", 
        "name": "Can change grading", 
        "content_type": 26
    }
},
{
    "pk": 78, 
    "model": "auth.permission", 
    "fields": {
        "codename": "delete_grading", 
        "name": "Can delete grading", 
        "content_type": 26
    }
},
{
    "pk": 79, 
    "model": "auth.permission", 
    "fields": {
        "codename": "add_notificationtype", 
        "name": "Can add notification type", 
        "content_type": 27
    }
},
{
    "pk": 80, 
    "model": "auth.permission", 
    "fields": {
        "codename": "change_notificationtype", 
        "name": "Can change notification type", 
        "content_type": 27
    }
},
{
    "pk": 81, 
    "model": "auth.permission", 
    "fields": {
        "codename": "delete_notificationtype", 
        "name": "Can delete notification type", 
        "content_type": 27
    }
},
{
    "pk": 82, 
    "model": "auth.permission", 
    "fields": {
        "codename": "add_notification", 
        "name": "Can add notification", 
        "content_type": 28
    }
},
{
    "pk": 83, 
    "model": "auth.permission", 
    "fields": {
        "codename": "change_notification", 
        "name": "Can change notification", 
        "content_type": 28
    }
},
{
    "pk": 84, 
    "model": "auth.permission", 
    "fields": {
        "codename": "delete_notification", 
        "name": "Can delete notification", 
        "content_type": 28
    }
},
{
    "pk": 85, 
    "model": "auth.permission", 
    "fields": {
        "codename": "add_chart", 
        "name": "Can add chart", 
        "content_type": 29
    }
},
{
    "pk": 86, 
    "model": "auth.permission", 
    "fields": {
        "codename": "change_chart", 
        "name": "Can change chart", 
        "content_type": 29
    }
},
{
    "pk": 87, 
    "model": "auth.permission", 
    "fields": {
        "codename": "delete_chart", 
        "name": "Can delete chart", 
        "content_type": 29
    }
},
{
    "pk": 88, 
    "model": "auth.permission", 
    "fields": {
        "codename": "add_attendance", 
        "name": "Can add attendance", 
        "content_type": 30
    }
},
{
    "pk": 89, 
    "model": "auth.permission", 
    "fields": {
        "codename": "change_attendance", 
        "name": "Can change attendance", 
        "content_type": 30
    }
},
{
    "pk": 90, 
    "model": "auth.permission", 
    "fields": {
        "codename": "delete_attendance", 
        "name": "Can delete attendance", 
        "content_type": 30
    }
},
{
    "pk": 91, 
    "model": "auth.permission", 
    "fields": {
        "codename": "add_grade", 
        "name": "Can add grade", 
        "content_type": 31
    }
},
{
    "pk": 92, 
    "model": "auth.permission", 
    "fields": {
        "codename": "change_grade", 
        "name": "Can change grade", 
        "content_type": 31
    }
},
{
    "pk": 93, 
    "model": "auth.permission", 
    "fields": {
        "codename": "delete_grade", 
        "name": "Can delete grade", 
        "content_type": 31
    }
},
{
    "pk": 94, 
    "model": "auth.permission", 
    "fields": {
        "codename": "add_reports", 
        "name": "Can add reports", 
        "content_type": 32
    }
},
{
    "pk": 95, 
    "model": "auth.permission", 
    "fields": {
        "codename": "change_reports", 
        "name": "Can change reports", 
        "content_type": 32
    }
},
{
    "pk": 96, 
    "model": "auth.permission", 
    "fields": {
        "codename": "delete_reports", 
        "name": "Can delete reports", 
        "content_type": 32
    }
},
{
    "pk": 1, 
    "model": "auth.user", 
    "fields": {
        "username": "admin", 
        "first_name": "", 
        "last_name": "", 
        "is_active": true, 
        "is_superuser": true, 
        "is_staff": true, 
        "last_login": "2015-03-14T07:55:09.062Z", 
        "groups": [], 
        "user_permissions": [], 
        "password": "pbkdf2_sha256$12000$yi7T0HNY49DY$TFFssUwdKslxRLfja13d/F4+PcviqaGP/Xss+t5Dtcw=", 
        "email": "admin@example.com", 
        "date_joined": "2015-03-14T03:29:27.767Z"
    }
},
{
    "pk": 2, 
    "model": "auth.user", 
    "fields": {
        "username": "admin1", 
        "first_name": "", 
        "last_name": "", 
        "is_active": true, 
        "is_superuser": false, 
        "is_staff": false, 
        "last_login": "2015-03-14T08:00:35.058Z", 
        "groups": [], 
        "user_permissions": [], 
        "password": "pbkdf2_sha256$12000$LlMlWeq4AFgj$o3zLdWwhud8+PQ2pkVsJBpe6ODb0H/74+pBYSk86ias=", 
        "email": "", 
        "date_joined": "2015-03-14T08:00:35.058Z"
    }
},
{
    "pk": 3, 
    "model": "auth.user", 
    "fields": {
        "username": "school_admin", 
        "first_name": "", 
        "last_name": "", 
        "is_active": true, 
        "is_superuser": false, 
        "is_staff": false, 
        "last_login": "2015-03-14T08:05:58.299Z", 
        "groups": [], 
        "user_permissions": [], 
        "password": "pbkdf2_sha256$12000$jYDrhg7cmzoH$fm87VcMVhDbwS0DT5RXdSNkzWNWldTXP8SbvEhaMxsc=", 
        "email": "", 
        "date_joined": "2015-03-14T08:05:58.299Z"
    }
},
{
    "pk": 4, 
    "model": "auth.user", 
    "fields": {
        "username": "teacher", 
        "first_name": "", 
        "last_name": "", 
        "is_active": true, 
        "is_superuser": false, 
        "is_staff": false, 
        "last_login": "2015-03-14T08:06:25.433Z", 
        "groups": [], 
        "user_permissions": [], 
        "password": "pbkdf2_sha256$12000$PGkwruHuykyo$qSOqSizWgbdKSQB/pQwjAK2fxZ0hr2llezqOMOWHotM=", 
        "email": "", 
        "date_joined": "2015-03-14T08:06:25.433Z"
    }
},
{
    "pk": 5, 
    "model": "auth.user", 
    "fields": {
        "username": "teacher2", 
        "first_name": "", 
        "last_name": "", 
        "is_active": true, 
        "is_superuser": false, 
        "is_staff": false, 
        "last_login": "2015-03-14T08:23:46.685Z", 
        "groups": [], 
        "user_permissions": [], 
        "password": "pbkdf2_sha256$12000$mD3yyNyq6Cqb$Mz+wgZC/VwPZjHQXgeUw4h30BHKJfA/DSXz1YLpUpGs=", 
        "email": "", 
        "date_joined": "2015-03-14T08:23:46.685Z"
    }
},
{
    "pk": 1, 
    "model": "accounts.userprofile", 
    "fields": {
        "phone": "555-1235", 
        "school": 1, 
        "role": "SYSTEM_ADMIN", 
        "user": 2, 
        "period": 3
    }
},
{
    "pk": 2, 
    "model": "accounts.userprofile", 
    "fields": {
        "phone": "123-1243", 
        "school": 1, 
        "role": "SCHOOL_ADMIN", 
        "user": 3, 
        "period": 3
    }
},
{
    "pk": 4, 
    "model": "accounts.userprofile", 
    "fields": {
        "phone": "443-2342", 
        "school": 1, 
        "role": "TEACHER", 
        "user": 4, 
        "period": 3
    }
},
{
    "pk": 1, 
    "model": "admin.logentry", 
    "fields": {
        "action_flag": 1, 
        "action_time": "2015-03-14T07:55:29.878Z", 
        "object_repr": "Tabla (Boys) 101", 
        "object_id": "1", 
        "change_message": "", 
        "user": 1, 
        "content_type": 20
    }
},
{
    "pk": 2, 
    "model": "admin.logentry", 
    "fields": {
        "action_flag": 1, 
        "action_time": "2015-03-14T08:00:35.121Z", 
        "object_repr": "admin1", 
        "object_id": "2", 
        "change_message": "", 
        "user": 1, 
        "content_type": 4
    }
},
{
    "pk": 3, 
    "model": "admin.logentry", 
    "fields": {
        "action_flag": 1, 
        "action_time": "2015-03-14T08:00:49.238Z", 
        "object_repr": "admin1", 
        "object_id": "1", 
        "change_message": "", 
        "user": 1, 
        "content_type": 9
    }
},
{
    "pk": 4, 
    "model": "admin.logentry", 
    "fields": {
        "action_flag": 1, 
        "action_time": "2015-03-14T08:05:58.360Z", 
        "object_repr": "school_admin", 
        "object_id": "3", 
        "change_message": "", 
        "user": 1, 
        "content_type": 4
    }
},
{
    "pk": 5, 
    "model": "admin.logentry", 
    "fields": {
        "action_flag": 1, 
        "action_time": "2015-03-14T08:06:11.124Z", 
        "object_repr": "school_admin", 
        "object_id": "2", 
        "change_message": "", 
        "user": 1, 
        "content_type": 9
    }
},
{
    "pk": 6, 
    "model": "admin.logentry", 
    "fields": {
        "action_flag": 1, 
        "action_time": "2015-03-14T08:06:25.495Z", 
        "object_repr": "teacher", 
        "object_id": "4", 
        "change_message": "", 
        "user": 1, 
        "content_type": 4
    }
},
{
    "pk": 7, 
    "model": "admin.logentry", 
    "fields": {
        "action_flag": 1, 
        "action_time": "2015-03-14T08:06:37.359Z", 
        "object_repr": "teacher", 
        "object_id": "3", 
        "change_message": "", 
        "user": 1, 
        "content_type": 9
    }
},
{
    "pk": 11, 
    "model": "admin.logentry", 
    "fields": {
        "action_flag": 3, 
        "action_time": "2015-03-14T08:11:15.680Z", 
        "object_repr": "teacher", 
        "object_id": "3", 
        "change_message": "", 
        "user": 1, 
        "content_type": 9
    }
},
{
    "pk": 12, 
    "model": "admin.logentry", 
    "fields": {
        "action_flag": 1, 
        "action_time": "2015-03-14T08:13:44.963Z", 
        "object_repr": "teacher", 
        "object_id": "4", 
        "change_message": "", 
        "user": 1, 
        "content_type": 9
    }
},
{
    "pk": 16, 
    "model": "admin.logentry", 
    "fields": {
        "action_flag": 1, 
        "action_time": "2015-03-14T08:17:37.160Z", 
        "object_repr": "TeachingAvailability object", 
        "object_id": "7", 
        "change_message": "", 
        "user": 1, 
        "content_type": 10
    }
},
{
    "pk": 17, 
    "model": "admin.logentry", 
    "fields": {
        "action_flag": 1, 
        "action_time": "2015-03-14T08:17:53.402Z", 
        "object_repr": " role", 
        "object_id": "1", 
        "change_message": "", 
        "user": 1, 
        "content_type": 11
    }
},
{
    "pk": 18, 
    "model": "admin.logentry", 
    "fields": {
        "action_flag": 1, 
        "action_time": "2015-03-14T08:21:48.615Z", 
        "object_repr": " role", 
        "object_id": "1", 
        "change_message": "", 
        "user": 1, 
        "content_type": 11
    }
},
{
    "pk": 19, 
    "model": "admin.logentry", 
    "fields": {
        "action_flag": 1, 
        "action_time": "2015-03-14T08:23:16.563Z", 
        "object_repr": "TeachingAvailability object", 
        "object_id": "8", 
        "change_message": "", 
        "user": 1, 
        "content_type": 10
    }
},
{
    "pk": 20, 
    "model": "admin.logentry", 
    "fields": {
        "action_flag": 1, 
        "action_time": "2015-03-14T08:23:46.746Z", 
        "object_repr": "teacher2", 
        "object_id": "5", 
        "change_message": "", 
        "user": 1, 
        "content_type": 4
    }
},
{
    "pk": 21, 
    "model": "admin.logentry", 
    "fields": {
        "action_flag": 1, 
        "action_time": "2015-03-14T08:24:02.158Z", 
        "object_repr": " role", 
        "object_id": "2", 
        "change_message": "", 
        "user": 1, 
        "content_type": 11
    }
},
{
    "pk": 22, 
    "model": "admin.logentry", 
    "fields": {
        "action_flag": 1, 
        "action_time": "2015-03-14T08:30:21.599Z", 
        "object_repr": "Tabla (Boys) 201", 
        "object_id": "2", 
        "change_message": "", 
        "user": 1, 
        "content_type": 20
    }
},
{
    "pk": 23, 
    "model": "admin.logentry", 
    "fields": {
        "action_flag": 1, 
        "action_time": "2015-03-14T08:31:20.127Z", 
        "object_repr": "2015Fall", 
        "object_id": "4", 
        "change_message": "", 
        "user": 1, 
        "content_type": 15
    }
},
{
    "pk": 24, 
    "model": "admin.logentry", 
    "fields": {
        "action_flag": 1, 
        "action_time": "2015-03-14T08:33:49.235Z", 
        "object_repr": "Little Khalsa Club", 
        "object_id": "2", 
        "change_message": "", 
        "user": 1, 
        "content_type": 19
    }
},
{
    "pk": 25, 
    "model": "admin.logentry", 
    "fields": {
        "action_flag": 1, 
        "action_time": "2015-03-14T08:34:19.302Z", 
        "object_repr": "LKC", 
        "object_id": "2", 
        "change_message": "", 
        "user": 1, 
        "content_type": 17
    }
},
{
    "pk": 26, 
    "model": "admin.logentry", 
    "fields": {
        "action_flag": 2, 
        "action_time": "2015-03-14T08:35:00.688Z", 
        "object_repr": "Fall-2015", 
        "object_id": "4", 
        "change_message": "Changed description.", 
        "user": 1, 
        "content_type": 15
    }
},
{
    "pk": 27, 
    "model": "admin.logentry", 
    "fields": {
        "action_flag": 1, 
        "action_time": "2015-03-14T08:36:29.082Z", 
        "object_repr": "LKC 1", 
        "object_id": "3", 
        "change_message": "", 
        "user": 1, 
        "content_type": 20
    }
}
]
